75,71,tAikAMV64Do9i2dM/McjBGpObnw=,kL6o5hb+dPj/q0B5uxUakdNK/b4=
74,71,tAikAMV64Do9i2dM/McjBGpObnw=,kL6o5hb+dPj/q0B5uxUakdNK/b4=
75,64,tAikAMV64Do9i2dM/McjBGpObnw=,kL6o5hb+dPj/q0B5uxUakdNK/b4=
68,71,tAikAMV64Do9i2dM/McjBGpObnw=,7kI6Fr+bE0vVZJlYvG0DrnjBMAs=
69,71,tAikAMV64Do9i2dM/McjBGpObnw=,7kI6Fr+bE0vVZJlYvG0DrnjBMAs=
64,71,tAikAMV64Do9i2dM/McjBGpObnw=,7kI6Fr+bE0vVZJlYvG0DrnjBMAs=
70,71,tAikAMV64Do9i2dM/McjBGpObnw=,7kI6Fr+bE0vVZJlYvG0DrnjBMAs=
74,67,tAikAMV64Do9i2dM/McjBGpObnw=,kL6o5hb+dPj/q0B5uxUakdNK/b4=
75,67,tAikAMV64Do9i2dM/McjBGpObnw=,kL6o5hb+dPj/q0B5uxUakdNK/b4=
73,66,tAikAMV64Do9i2dM/McjBGpObnw=,kL6o5hb+dPj/q0B5uxUakdNK/b4=
71,71,tAikAMV64Do9i2dM/McjBGpObnw=,7kI6Fr+bE0vVZJlYvG0DrnjBMAs=
73,65,tAikAMV64Do9i2dM/McjBGpObnw=,kL6o5hb+dPj/q0B5uxUakdNK/b4=
73,71,tAikAMV64Do9i2dM/McjBGpObnw=,kL6o5hb+dPj/q0B5uxUakdNK/b4=
68,66,tAikAMV64Do9i2dM/McjBGpObnw=,7kI6Fr+bE0vVZJlYvG0DrnjBMAs=
64,70,tAikAMV64Do9i2dM/McjBGpObnw=,7kI6Fr+bE0vVZJlYvG0DrnjBMAs=
74,66,tAikAMV64Do9i2dM/McjBGpObnw=,kL6o5hb+dPj/q0B5uxUakdNK/b4=
75,65,tAikAMV64Do9i2dM/McjBGpObnw=,kL6o5hb+dPj/q0B5uxUakdNK/b4=
72,71,tAikAMV64Do9i2dM/McjBGpObnw=,kL6o5hb+dPj/q0B5uxUakdNK/b4=
64,64,tAikAMV64Do9i2dM/McjBGpObnw=,7kI6Fr+bE0vVZJlYvG0DrnjBMAs=
72,65,tAikAMV64Do9i2dM/McjBGpObnw=,kL6o5hb+dPj/q0B5uxUakdNK/b4=
73,67,tAikAMV64Do9i2dM/McjBGpObnw=,kL6o5hb+dPj/q0B5uxUakdNK/b4=
72,64,tAikAMV64Do9i2dM/McjBGpObnw=,kL6o5hb+dPj/q0B5uxUakdNK/b4=
75,66,tAikAMV64Do9i2dM/McjBGpObnw=,kL6o5hb+dPj/q0B5uxUakdNK/b4=
74,65,tAikAMV64Do9i2dM/McjBGpObnw=,kL6o5hb+dPj/q0B5uxUakdNK/b4=
65,69,tAikAMV64Do9i2dM/McjBGpObnw=,7kI6Fr+bE0vVZJlYvG0DrnjBMAs=
72,67,tAikAMV64Do9i2dM/McjBGpObnw=,kL6o5hb+dPj/q0B5uxUakdNK/b4=
64,67,tAikAMV64Do9i2dM/McjBGpObnw=,7kI6Fr+bE0vVZJlYvG0DrnjBMAs=
68,64,tAikAMV64Do9i2dM/McjBGpObnw=,7kI6Fr+bE0vVZJlYvG0DrnjBMAs=
71,64,tAikAMV64Do9i2dM/McjBGpObnw=,7kI6Fr+bE0vVZJlYvG0DrnjBMAs=
70,64,tAikAMV64Do9i2dM/McjBGpObnw=,7kI6Fr+bE0vVZJlYvG0DrnjBMAs=
69,70,tAikAMV64Do9i2dM/McjBGpObnw=,7kI6Fr+bE0vVZJlYvG0DrnjBMAs=
72,66,tAikAMV64Do9i2dM/McjBGpObnw=,kL6o5hb+dPj/q0B5uxUakdNK/b4=
66,69,tAikAMV64Do9i2dM/McjBGpObnw=,7kI6Fr+bE0vVZJlYvG0DrnjBMAs=
64,66,tAikAMV64Do9i2dM/McjBGpObnw=,7kI6Fr+bE0vVZJlYvG0DrnjBMAs=
69,64,tAikAMV64Do9i2dM/McjBGpObnw=,7kI6Fr+bE0vVZJlYvG0DrnjBMAs=
64,65,tAikAMV64Do9i2dM/McjBGpObnw=,7kI6Fr+bE0vVZJlYvG0DrnjBMAs=
74,64,tAikAMV64Do9i2dM/McjBGpObnw=,kL6o5hb+dPj/q0B5uxUakdNK/b4=
69,65,tAikAMV64Do9i2dM/McjBGpObnw=,7kI6Fr+bE0vVZJlYvG0DrnjBMAs=
69,66,tAikAMV64Do9i2dM/McjBGpObnw=,7kI6Fr+bE0vVZJlYvG0DrnjBMAs=
68,65,tAikAMV64Do9i2dM/McjBGpObnw=,7kI6Fr+bE0vVZJlYvG0DrnjBMAs=
64,68,tAikAMV64Do9i2dM/McjBGpObnw=,7kI6Fr+bE0vVZJlYvG0DrnjBMAs=
65,64,tAikAMV64Do9i2dM/McjBGpObnw=,7kI6Fr+bE0vVZJlYvG0DrnjBMAs=
79,67,tAikAMV64Do9i2dM/McjBGpObnw=,kL6o5hb+dPj/q0B5uxUakdNK/b4=
66,68,tAikAMV64Do9i2dM/McjBGpObnw=,7kI6Fr+bE0vVZJlYvG0DrnjBMAs=
65,67,tAikAMV64Do9i2dM/McjBGpObnw=,7kI6Fr+bE0vVZJlYvG0DrnjBMAs=
65,68,tAikAMV64Do9i2dM/McjBGpObnw=,7kI6Fr+bE0vVZJlYvG0DrnjBMAs=
65,66,tAikAMV64Do9i2dM/McjBGpObnw=,7kI6Fr+bE0vVZJlYvG0DrnjBMAs=
72,70,tAikAMV64Do9i2dM/McjBGpObnw=,kL6o5hb+dPj/q0B5uxUakdNK/b4=
65,65,tAikAMV64Do9i2dM/McjBGpObnw=,7kI6Fr+bE0vVZJlYvG0DrnjBMAs=
66,67,tAikAMV64Do9i2dM/McjBGpObnw=,7kI6Fr+bE0vVZJlYvG0DrnjBMAs=
64,69,tAikAMV64Do9i2dM/McjBGpObnw=,7kI6Fr+bE0vVZJlYvG0DrnjBMAs=
67,66,tAikAMV64Do9i2dM/McjBGpObnw=,7kI6Fr+bE0vVZJlYvG0DrnjBMAs=
65,70,tAikAMV64Do9i2dM/McjBGpObnw=,7kI6Fr+bE0vVZJlYvG0DrnjBMAs=
79,64,tAikAMV64Do9i2dM/McjBGpObnw=,kL6o5hb+dPj/q0B5uxUakdNK/b4=
70,66,tAikAMV64Do9i2dM/McjBGpObnw=,7kI6Fr+bE0vVZJlYvG0DrnjBMAs=
66,66,tAikAMV64Do9i2dM/McjBGpObnw=,7kI6Fr+bE0vVZJlYvG0DrnjBMAs=
66,65,tAikAMV64Do9i2dM/McjBGpObnw=,7kI6Fr+bE0vVZJlYvG0DrnjBMAs=
69,67,tAikAMV64Do9i2dM/McjBGpObnw=,7kI6Fr+bE0vVZJlYvG0DrnjBMAs=
66,64,tAikAMV64Do9i2dM/McjBGpObnw=,7kI6Fr+bE0vVZJlYvG0DrnjBMAs=
70,65,tAikAMV64Do9i2dM/McjBGpObnw=,7kI6Fr+bE0vVZJlYvG0DrnjBMAs=
79,71,tAikAMV64Do9i2dM/McjBGpObnw=,kL6o5hb+dPj/q0B5uxUakdNK/b4=
68,67,tAikAMV64Do9i2dM/McjBGpObnw=,7kI6Fr+bE0vVZJlYvG0DrnjBMAs=
67,71,tAikAMV64Do9i2dM/McjBGpObnw=,7kI6Fr+bE0vVZJlYvG0DrnjBMAs=
66,70,tAikAMV64Do9i2dM/McjBGpObnw=,7kI6Fr+bE0vVZJlYvG0DrnjBMAs=
76,65,tAikAMV64Do9i2dM/McjBGpObnw=,kL6o5hb+dPj/q0B5uxUakdNK/b4=
79,66,tAikAMV64Do9i2dM/McjBGpObnw=,kL6o5hb+dPj/q0B5uxUakdNK/b4=
73,64,tAikAMV64Do9i2dM/McjBGpObnw=,kL6o5hb+dPj/q0B5uxUakdNK/b4=
69,69,tAikAMV64Do9i2dM/McjBGpObnw=,7kI6Fr+bE0vVZJlYvG0DrnjBMAs=
71,65,tAikAMV64Do9i2dM/McjBGpObnw=,7kI6Fr+bE0vVZJlYvG0DrnjBMAs=
67,67,tAikAMV64Do9i2dM/McjBGpObnw=,7kI6Fr+bE0vVZJlYvG0DrnjBMAs=
70,67,tAikAMV64Do9i2dM/McjBGpObnw=,7kI6Fr+bE0vVZJlYvG0DrnjBMAs=
66,71,tAikAMV64Do9i2dM/McjBGpObnw=,7kI6Fr+bE0vVZJlYvG0DrnjBMAs=
76,67,tAikAMV64Do9i2dM/McjBGpObnw=,kL6o5hb+dPj/q0B5uxUakdNK/b4=
67,77,tAikAMV64Do9i2dM/McjBGpObnw=,erQZGwef8Xfh901FCGHWeE9Lw48=
67,64,tAikAMV64Do9i2dM/McjBGpObnw=,7kI6Fr+bE0vVZJlYvG0DrnjBMAs=
79,65,tAikAMV64Do9i2dM/McjBGpObnw=,kL6o5hb+dPj/q0B5uxUakdNK/b4=
67,65,tAikAMV64Do9i2dM/McjBGpObnw=,7kI6Fr+bE0vVZJlYvG0DrnjBMAs=
65,71,tAikAMV64Do9i2dM/McjBGpObnw=,7kI6Fr+bE0vVZJlYvG0DrnjBMAs=
71,79,tAikAMV64Do9i2dM/McjBGpObnw=,erQZGwef8Xfh901FCGHWeE9Lw48=
78,65,tAikAMV64Do9i2dM/McjBGpObnw=,kL6o5hb+dPj/q0B5uxUakdNK/b4=
65,78,tAikAMV64Do9i2dM/McjBGpObnw=,erQZGwef8Xfh901FCGHWeE9Lw48=
67,69,tAikAMV64Do9i2dM/McjBGpObnw=,7kI6Fr+bE0vVZJlYvG0DrnjBMAs=
73,75,tAikAMV64Do9i2dM/McjBGpObnw=,GJO4F7g4QsIT4FQXHy6j2wQmvuE=
77,65,tAikAMV64Do9i2dM/McjBGpObnw=,kL6o5hb+dPj/q0B5uxUakdNK/b4=
65,77,tAikAMV64Do9i2dM/McjBGpObnw=,erQZGwef8Xfh901FCGHWeE9Lw48=
79,70,tAikAMV64Do9i2dM/McjBGpObnw=,kL6o5hb+dPj/q0B5uxUakdNK/b4=
67,70,tAikAMV64Do9i2dM/McjBGpObnw=,7kI6Fr+bE0vVZJlYvG0DrnjBMAs=
66,77,tAikAMV64Do9i2dM/McjBGpObnw=,erQZGwef8Xfh901FCGHWeE9Lw48=
71,67,tAikAMV64Do9i2dM/McjBGpObnw=,7kI6Fr+bE0vVZJlYvG0DrnjBMAs=
67,68,tAikAMV64Do9i2dM/McjBGpObnw=,7kI6Fr+bE0vVZJlYvG0DrnjBMAs=
77,79,tAikAMV64Do9i2dM/McjBGpObnw=,GJO4F7g4QsIT4FQXHy6j2wQmvuE=
71,66,tAikAMV64Do9i2dM/McjBGpObnw=,7kI6Fr+bE0vVZJlYvG0DrnjBMAs=
74,75,tAikAMV64Do9i2dM/McjBGpObnw=,GJO4F7g4QsIT4FQXHy6j2wQmvuE=
73,76,tAikAMV64Do9i2dM/McjBGpObnw=,GJO4F7g4QsIT4FQXHy6j2wQmvuE=
79,79,tAikAMV64Do9i2dM/McjBGpObnw=,GJO4F7g4QsIT4FQXHy6j2wQmvuE=
78,79,tAikAMV64Do9i2dM/McjBGpObnw=,GJO4F7g4QsIT4FQXHy6j2wQmvuE=
74,76,tAikAMV64Do9i2dM/McjBGpObnw=,GJO4F7g4QsIT4FQXHy6j2wQmvuE=
66,78,tAikAMV64Do9i2dM/McjBGpObnw=,erQZGwef8Xfh901FCGHWeE9Lw48=
78,64,tAikAMV64Do9i2dM/McjBGpObnw=,kL6o5hb+dPj/q0B5uxUakdNK/b4=
76,79,tAikAMV64Do9i2dM/McjBGpObnw=,GJO4F7g4QsIT4FQXHy6j2wQmvuE=
76,64,tAikAMV64Do9i2dM/McjBGpObnw=,kL6o5hb+dPj/q0B5uxUakdNK/b4=
79,73,tAikAMV64Do9i2dM/McjBGpObnw=,GJO4F7g4QsIT4FQXHy6j2wQmvuE=
73,68,tAikAMV64Do9i2dM/McjBGpObnw=,kL6o5hb+dPj/q0B5uxUakdNK/b4=
68,76,tAikAMV64Do9i2dM/McjBGpObnw=,erQZGwef8Xfh901FCGHWeE9Lw48=
77,67,tAikAMV64Do9i2dM/McjBGpObnw=,kL6o5hb+dPj/q0B5uxUakdNK/b4=
68,70,tAikAMV64Do9i2dM/McjBGpObnw=,7kI6Fr+bE0vVZJlYvG0DrnjBMAs=
77,74,tAikAMV64Do9i2dM/McjBGpObnw=,GJO4F7g4QsIT4FQXHy6j2wQmvuE=
76,66,tAikAMV64Do9i2dM/McjBGpObnw=,kL6o5hb+dPj/q0B5uxUakdNK/b4=
78,66,tAikAMV64Do9i2dM/McjBGpObnw=,kL6o5hb+dPj/q0B5uxUakdNK/b4=
68,77,tAikAMV64Do9i2dM/McjBGpObnw=,erQZGwef8Xfh901FCGHWeE9Lw48=
75,79,tAikAMV64Do9i2dM/McjBGpObnw=,GJO4F7g4QsIT4FQXHy6j2wQmvuE=
79,69,tAikAMV64Do9i2dM/McjBGpObnw=,kL6o5hb+dPj/q0B5uxUakdNK/b4=
67,78,tAikAMV64Do9i2dM/McjBGpObnw=,erQZGwef8Xfh901FCGHWeE9Lw48=
78,67,tAikAMV64Do9i2dM/McjBGpObnw=,kL6o5hb+dPj/q0B5uxUakdNK/b4=
76,68,tAikAMV64Do9i2dM/McjBGpObnw=,kL6o5hb+dPj/q0B5uxUakdNK/b4=
76,74,tAikAMV64Do9i2dM/McjBGpObnw=,GJO4F7g4QsIT4FQXHy6j2wQmvuE=
77,66,tAikAMV64Do9i2dM/McjBGpObnw=,kL6o5hb+dPj/q0B5uxUakdNK/b4=
74,79,tAikAMV64Do9i2dM/McjBGpObnw=,GJO4F7g4QsIT4FQXHy6j2wQmvuE=
75,75,tAikAMV64Do9i2dM/McjBGpObnw=,GJO4F7g4QsIT4FQXHy6j2wQmvuE=
69,76,tAikAMV64Do9i2dM/McjBGpObnw=,erQZGwef8Xfh901FCGHWeE9Lw48=
69,77,tAikAMV64Do9i2dM/McjBGpObnw=,erQZGwef8Xfh901FCGHWeE9Lw48=
77,75,tAikAMV64Do9i2dM/McjBGpObnw=,GJO4F7g4QsIT4FQXHy6j2wQmvuE=
76,69,tAikAMV64Do9i2dM/McjBGpObnw=,kL6o5hb+dPj/q0B5uxUakdNK/b4=
76,72,tAikAMV64Do9i2dM/McjBGpObnw=,GJO4F7g4QsIT4FQXHy6j2wQmvuE=
73,79,tAikAMV64Do9i2dM/McjBGpObnw=,GJO4F7g4QsIT4FQXHy6j2wQmvuE=
73,77,tAikAMV64Do9i2dM/McjBGpObnw=,GJO4F7g4QsIT4FQXHy6j2wQmvuE=
74,72,tAikAMV64Do9i2dM/McjBGpObnw=,GJO4F7g4QsIT4FQXHy6j2wQmvuE=
78,74,tAikAMV64Do9i2dM/McjBGpObnw=,GJO4F7g4QsIT4FQXHy6j2wQmvuE=
75,72,tAikAMV64Do9i2dM/McjBGpObnw=,GJO4F7g4QsIT4FQXHy6j2wQmvuE=
65,74,tAikAMV64Do9i2dM/McjBGpObnw=,erQZGwef8Xfh901FCGHWeE9Lw48=
64,79,tAikAMV64Do9i2dM/McjBGpObnw=,erQZGwef8Xfh901FCGHWeE9Lw48=
79,72,tAikAMV64Do9i2dM/McjBGpObnw=,GJO4F7g4QsIT4FQXHy6j2wQmvuE=
79,68,tAikAMV64Do9i2dM/McjBGpObnw=,kL6o5hb+dPj/q0B5uxUakdNK/b4=
78,68,tAikAMV64Do9i2dM/McjBGpObnw=,kL6o5hb+dPj/q0B5uxUakdNK/b4=
67,74,tAikAMV64Do9i2dM/McjBGpObnw=,erQZGwef8Xfh901FCGHWeE9Lw48=
75,76,tAikAMV64Do9i2dM/McjBGpObnw=,GJO4F7g4QsIT4FQXHy6j2wQmvuE=
70,76,tAikAMV64Do9i2dM/McjBGpObnw=,erQZGwef8Xfh901FCGHWeE9Lw48=
78,75,tAikAMV64Do9i2dM/McjBGpObnw=,GJO4F7g4QsIT4FQXHy6j2wQmvuE=
74,68,tAikAMV64Do9i2dM/McjBGpObnw=,kL6o5hb+dPj/q0B5uxUakdNK/b4=
75,68,tAikAMV64Do9i2dM/McjBGpObnw=,kL6o5hb+dPj/q0B5uxUakdNK/b4=
74,77,tAikAMV64Do9i2dM/McjBGpObnw=,GJO4F7g4QsIT4FQXHy6j2wQmvuE=
77,64,tAikAMV64Do9i2dM/McjBGpObnw=,kL6o5hb+dPj/q0B5uxUakdNK/b4=
75,77,tAikAMV64Do9i2dM/McjBGpObnw=,GJO4F7g4QsIT4FQXHy6j2wQmvuE=
66,74,tAikAMV64Do9i2dM/McjBGpObnw=,erQZGwef8Xfh901FCGHWeE9Lw48=
73,69,tAikAMV64Do9i2dM/McjBGpObnw=,kL6o5hb+dPj/q0B5uxUakdNK/b4=
76,75,tAikAMV64Do9i2dM/McjBGpObnw=,GJO4F7g4QsIT4FQXHy6j2wQmvuE=
73,74,tAikAMV64Do9i2dM/McjBGpObnw=,GJO4F7g4QsIT4FQXHy6j2wQmvuE=
76,76,tAikAMV64Do9i2dM/McjBGpObnw=,GJO4F7g4QsIT4FQXHy6j2wQmvuE=
68,74,tAikAMV64Do9i2dM/McjBGpObnw=,erQZGwef8Xfh901FCGHWeE9Lw48=
68,79,tAikAMV64Do9i2dM/McjBGpObnw=,erQZGwef8Xfh901FCGHWeE9Lw48=
71,76,tAikAMV64Do9i2dM/McjBGpObnw=,erQZGwef8Xfh901FCGHWeE9Lw48=
76,73,jg0+YuUIwZq7Gt95Z4tba4PreRU=,GJO4F7g4QsIT4FQXHy6j2wQmvuE=
77,68,jg0+YuUIwZq7Gt95Z4tba4PreRU=,kL6o5hb+dPj/q0B5uxUakdNK/b4=
73,73,jg0+YuUIwZq7Gt95Z4tba4PreRU=,GJO4F7g4QsIT4FQXHy6j2wQmvuE=
72,79,jg0+YuUIwZq7Gt95Z4tba4PreRU=,GJO4F7g4QsIT4FQXHy6j2wQmvuE=
69,74,jg0+YuUIwZq7Gt95Z4tba4PreRU=,erQZGwef8Xfh901FCGHWeE9Lw48=
78,72,jg0+YuUIwZq7Gt95Z4tba4PreRU=,GJO4F7g4QsIT4FQXHy6j2wQmvuE=
72,75,jg0+YuUIwZq7Gt95Z4tba4PreRU=,GJO4F7g4QsIT4FQXHy6j2wQmvuE=
73,78,jg0+YuUIwZq7Gt95Z4tba4PreRU=,GJO4F7g4QsIT4FQXHy6j2wQmvuE=
69,78,jg0+YuUIwZq7Gt95Z4tba4PreRU=,erQZGwef8Xfh901FCGHWeE9Lw48=
77,76,jg0+YuUIwZq7Gt95Z4tba4PreRU=,GJO4F7g4QsIT4FQXHy6j2wQmvuE=
74,78,jg0+YuUIwZq7Gt95Z4tba4PreRU=,GJO4F7g4QsIT4FQXHy6j2wQmvuE=
77,69,jg0+YuUIwZq7Gt95Z4tba4PreRU=,kL6o5hb+dPj/q0B5uxUakdNK/b4=
78,76,jg0+YuUIwZq7Gt95Z4tba4PreRU=,GJO4F7g4QsIT4FQXHy6j2wQmvuE=
74,74,jg0+YuUIwZq7Gt95Z4tba4PreRU=,GJO4F7g4QsIT4FQXHy6j2wQmvuE=
70,78,jg0+YuUIwZq7Gt95Z4tba4PreRU=,erQZGwef8Xfh901FCGHWeE9Lw48=
78,77,jg0+YuUIwZq7Gt95Z4tba4PreRU=,GJO4F7g4QsIT4FQXHy6j2wQmvuE=
71,78,jg0+YuUIwZq7Gt95Z4tba4PreRU=,erQZGwef8Xfh901FCGHWeE9Lw48=
78,71,jg0+YuUIwZq7Gt95Z4tba4PreRU=,kL6o5hb+dPj/q0B5uxUakdNK/b4=
72,77,jg0+YuUIwZq7Gt95Z4tba4PreRU=,GJO4F7g4QsIT4FQXHy6j2wQmvuE=
65,75,jg0+YuUIwZq7Gt95Z4tba4PreRU=,erQZGwef8Xfh901FCGHWeE9Lw48=
68,78,jg0+YuUIwZq7Gt95Z4tba4PreRU=,erQZGwef8Xfh901FCGHWeE9Lw48=
74,69,jg0+YuUIwZq7Gt95Z4tba4PreRU=,kL6o5hb+dPj/q0B5uxUakdNK/b4=
70,74,jg0+YuUIwZq7Gt95Z4tba4PreRU=,erQZGwef8Xfh901FCGHWeE9Lw48=
77,77,jg0+YuUIwZq7Gt95Z4tba4PreRU=,GJO4F7g4QsIT4FQXHy6j2wQmvuE=
77,78,jg0+YuUIwZq7Gt95Z4tba4PreRU=,GJO4F7g4QsIT4FQXHy6j2wQmvuE=
76,77,jg0+YuUIwZq7Gt95Z4tba4PreRU=,GJO4F7g4QsIT4FQXHy6j2wQmvuE=
74,73,jg0+YuUIwZq7Gt95Z4tba4PreRU=,GJO4F7g4QsIT4FQXHy6j2wQmvuE=
65,73,jg0+YuUIwZq7Gt95Z4tba4PreRU=,erQZGwef8Xfh901FCGHWeE9Lw48=
70,79,jg0+YuUIwZq7Gt95Z4tba4PreRU=,erQZGwef8Xfh901FCGHWeE9Lw48=
67,75,jg0+YuUIwZq7Gt95Z4tba4PreRU=,erQZGwef8Xfh901FCGHWeE9Lw48=
66,73,jg0+YuUIwZq7Gt95Z4tba4PreRU=,erQZGwef8Xfh901FCGHWeE9Lw48=
78,69,jg0+YuUIwZq7Gt95Z4tba4PreRU=,kL6o5hb+dPj/q0B5uxUakdNK/b4=
69,75,jg0+YuUIwZq7Gt95Z4tba4PreRU=,erQZGwef8Xfh901FCGHWeE9Lw48=
77,70,jg0+YuUIwZq7Gt95Z4tba4PreRU=,kL6o5hb+dPj/q0B5uxUakdNK/b4=
68,75,jg0+YuUIwZq7Gt95Z4tba4PreRU=,erQZGwef8Xfh901FCGHWeE9Lw48=
71,69,jg0+YuUIwZq7Gt95Z4tba4PreRU=,7kI6Fr+bE0vVZJlYvG0DrnjBMAs=
77,72,jg0+YuUIwZq7Gt95Z4tba4PreRU=,GJO4F7g4QsIT4FQXHy6j2wQmvuE=
76,78,jg0+YuUIwZq7Gt95Z4tba4PreRU=,GJO4F7g4QsIT4FQXHy6j2wQmvuE=
71,77,jg0+YuUIwZq7Gt95Z4tba4PreRU=,erQZGwef8Xfh901FCGHWeE9Lw48=
71,75,jg0+YuUIwZq7Gt95Z4tba4PreRU=,erQZGwef8Xfh901FCGHWeE9Lw48=
79,75,jg0+YuUIwZq7Gt95Z4tba4PreRU=,GJO4F7g4QsIT4FQXHy6j2wQmvuE=
70,75,jg0+YuUIwZq7Gt95Z4tba4PreRU=,erQZGwef8Xfh901FCGHWeE9Lw48=
69,79,jg0+YuUIwZq7Gt95Z4tba4PreRU=,erQZGwef8Xfh901FCGHWeE9Lw48=
78,78,jg0+YuUIwZq7Gt95Z4tba4PreRU=,GJO4F7g4QsIT4FQXHy6j2wQmvuE=
67,79,jg0+YuUIwZq7Gt95Z4tba4PreRU=,erQZGwef8Xfh901FCGHWeE9Lw48=
75,69,jg0+YuUIwZq7Gt95Z4tba4PreRU=,kL6o5hb+dPj/q0B5uxUakdNK/b4=
75,78,jg0+YuUIwZq7Gt95Z4tba4PreRU=,GJO4F7g4QsIT4FQXHy6j2wQmvuE=
76,71,jg0+YuUIwZq7Gt95Z4tba4PreRU=,kL6o5hb+dPj/q0B5uxUakdNK/b4=
72,76,jg0+YuUIwZq7Gt95Z4tba4PreRU=,GJO4F7g4QsIT4FQXHy6j2wQmvuE=
67,76,jg0+YuUIwZq7Gt95Z4tba4PreRU=,erQZGwef8Xfh901FCGHWeE9Lw48=
66,76,jg0+YuUIwZq7Gt95Z4tba4PreRU=,erQZGwef8Xfh901FCGHWeE9Lw48=
72,78,jg0+YuUIwZq7Gt95Z4tba4PreRU=,GJO4F7g4QsIT4FQXHy6j2wQmvuE=
66,79,jg0+YuUIwZq7Gt95Z4tba4PreRU=,erQZGwef8Xfh901FCGHWeE9Lw48=
66,75,jg0+YuUIwZq7Gt95Z4tba4PreRU=,erQZGwef8Xfh901FCGHWeE9Lw48=
64,77,jg0+YuUIwZq7Gt95Z4tba4PreRU=,erQZGwef8Xfh901FCGHWeE9Lw48=
70,72,jg0+YuUIwZq7Gt95Z4tba4PreRU=,erQZGwef8Xfh901FCGHWeE9Lw48=
65,79,jg0+YuUIwZq7Gt95Z4tba4PreRU=,erQZGwef8Xfh901FCGHWeE9Lw48=
77,71,jg0+YuUIwZq7Gt95Z4tba4PreRU=,kL6o5hb+dPj/q0B5uxUakdNK/b4=
79,74,jg0+YuUIwZq7Gt95Z4tba4PreRU=,GJO4F7g4QsIT4FQXHy6j2wQmvuE=
73,72,jg0+YuUIwZq7Gt95Z4tba4PreRU=,GJO4F7g4QsIT4FQXHy6j2wQmvuE=
68,72,jg0+YuUIwZq7Gt95Z4tba4PreRU=,erQZGwef8Xfh901FCGHWeE9Lw48=
66,72,jg0+YuUIwZq7Gt95Z4tba4PreRU=,erQZGwef8Xfh901FCGHWeE9Lw48=
70,77,jg0+YuUIwZq7Gt95Z4tba4PreRU=,erQZGwef8Xfh901FCGHWeE9Lw48=
67,72,jg0+YuUIwZq7Gt95Z4tba4PreRU=,erQZGwef8Xfh901FCGHWeE9Lw48=
65,76,jg0+YuUIwZq7Gt95Z4tba4PreRU=,erQZGwef8Xfh901FCGHWeE9Lw48=
68,73,jg0+YuUIwZq7Gt95Z4tba4PreRU=,erQZGwef8Xfh901FCGHWeE9Lw48=
65,72,jg0+YuUIwZq7Gt95Z4tba4PreRU=,erQZGwef8Xfh901FCGHWeE9Lw48=
69,73,jg0+YuUIwZq7Gt95Z4tba4PreRU=,erQZGwef8Xfh901FCGHWeE9Lw48=
71,74,jg0+YuUIwZq7Gt95Z4tba4PreRU=,erQZGwef8Xfh901FCGHWeE9Lw48=
67,73,jg0+YuUIwZq7Gt95Z4tba4PreRU=,erQZGwef8Xfh901FCGHWeE9Lw48=
77,73,jg0+YuUIwZq7Gt95Z4tba4PreRU=,GJO4F7g4QsIT4FQXHy6j2wQmvuE=
69,72,jg0+YuUIwZq7Gt95Z4tba4PreRU=,erQZGwef8Xfh901FCGHWeE9Lw48=
79,78,jg0+YuUIwZq7Gt95Z4tba4PreRU=,GJO4F7g4QsIT4FQXHy6j2wQmvuE=
76,70,jg0+YuUIwZq7Gt95Z4tba4PreRU=,kL6o5hb+dPj/q0B5uxUakdNK/b4=
70,73,jg0+YuUIwZq7Gt95Z4tba4PreRU=,erQZGwef8Xfh901FCGHWeE9Lw48=
71,72,jg0+YuUIwZq7Gt95Z4tba4PreRU=,erQZGwef8Xfh901FCGHWeE9Lw48=
64,75,jg0+YuUIwZq7Gt95Z4tba4PreRU=,erQZGwef8Xfh901FCGHWeE9Lw48=
64,73,jg0+YuUIwZq7Gt95Z4tba4PreRU=,erQZGwef8Xfh901FCGHWeE9Lw48=
78,70,jg0+YuUIwZq7Gt95Z4tba4PreRU=,kL6o5hb+dPj/q0B5uxUakdNK/b4=
64,74,jg0+YuUIwZq7Gt95Z4tba4PreRU=,erQZGwef8Xfh901FCGHWeE9Lw48=
72,74,jg0+YuUIwZq7Gt95Z4tba4PreRU=,GJO4F7g4QsIT4FQXHy6j2wQmvuE=
71,73,jg0+YuUIwZq7Gt95Z4tba4PreRU=,erQZGwef8Xfh901FCGHWeE9Lw48=
64,72,jg0+YuUIwZq7Gt95Z4tba4PreRU=,erQZGwef8Xfh901FCGHWeE9Lw48=
64,78,jg0+YuUIwZq7Gt95Z4tba4PreRU=,erQZGwef8Xfh901FCGHWeE9Lw48=
78,73,jg0+YuUIwZq7Gt95Z4tba4PreRU=,GJO4F7g4QsIT4FQXHy6j2wQmvuE=
72,73,jg0+YuUIwZq7Gt95Z4tba4PreRU=,GJO4F7g4QsIT4FQXHy6j2wQmvuE=
64,76,jg0+YuUIwZq7Gt95Z4tba4PreRU=,erQZGwef8Xfh901FCGHWeE9Lw48=
73,70,jg0+YuUIwZq7Gt95Z4tba4PreRU=,kL6o5hb+dPj/q0B5uxUakdNK/b4=
79,77,jg0+YuUIwZq7Gt95Z4tba4PreRU=,GJO4F7g4QsIT4FQXHy6j2wQmvuE=
70,69,jg0+YuUIwZq7Gt95Z4tba4PreRU=,7kI6Fr+bE0vVZJlYvG0DrnjBMAs=
75,73,jg0+YuUIwZq7Gt95Z4tba4PreRU=,GJO4F7g4QsIT4FQXHy6j2wQmvuE=
74,70,jg0+YuUIwZq7Gt95Z4tba4PreRU=,kL6o5hb+dPj/q0B5uxUakdNK/b4=
69,68,jg0+YuUIwZq7Gt95Z4tba4PreRU=,7kI6Fr+bE0vVZJlYvG0DrnjBMAs=
79,76,jg0+YuUIwZq7Gt95Z4tba4PreRU=,GJO4F7g4QsIT4FQXHy6j2wQmvuE=
75,74,jg0+YuUIwZq7Gt95Z4tba4PreRU=,GJO4F7g4QsIT4FQXHy6j2wQmvuE=
75,70,jg0+YuUIwZq7Gt95Z4tba4PreRU=,kL6o5hb+dPj/q0B5uxUakdNK/b4=
70,70,jg0+YuUIwZq7Gt95Z4tba4PreRU=,7kI6Fr+bE0vVZJlYvG0DrnjBMAs=
71,70,jg0+YuUIwZq7Gt95Z4tba4PreRU=,7kI6Fr+bE0vVZJlYvG0DrnjBMAs=
71,68,jg0+YuUIwZq7Gt95Z4tba4PreRU=,7kI6Fr+bE0vVZJlYvG0DrnjBMAs=
72,68,jg0+YuUIwZq7Gt95Z4tba4PreRU=,kL6o5hb+dPj/q0B5uxUakdNK/b4=
68,69,jg0+YuUIwZq7Gt95Z4tba4PreRU=,7kI6Fr+bE0vVZJlYvG0DrnjBMAs=
70,68,jg0+YuUIwZq7Gt95Z4tba4PreRU=,7kI6Fr+bE0vVZJlYvG0DrnjBMAs=
72,69,jg0+YuUIwZq7Gt95Z4tba4PreRU=,kL6o5hb+dPj/q0B5uxUakdNK/b4=
72,72,jg0+YuUIwZq7Gt95Z4tba4PreRU=,GJO4F7g4QsIT4FQXHy6j2wQmvuE=
68,68,jg0+YuUIwZq7Gt95Z4tba4PreRU=,7kI6Fr+bE0vVZJlYvG0DrnjBMAs=
71,84,jg0+YuUIwZq7Gt95Z4tba4PreRU=,9q8qJRaXTitrrnMqsEF39ffxnKw=
70,84,jg0+YuUIwZq7Gt95Z4tba4PreRU=,9q8qJRaXTitrrnMqsEF39ffxnKw=
71,85,jg0+YuUIwZq7Gt95Z4tba4PreRU=,9q8qJRaXTitrrnMqsEF39ffxnKw=
69,84,jg0+YuUIwZq7Gt95Z4tba4PreRU=,9q8qJRaXTitrrnMqsEF39ffxnKw=
71,87,jg0+YuUIwZq7Gt95Z4tba4PreRU=,9q8qJRaXTitrrnMqsEF39ffxnKw=
69,85,jg0+YuUIwZq7Gt95Z4tba4PreRU=,9q8qJRaXTitrrnMqsEF39ffxnKw=
70,80,jg0+YuUIwZq7Gt95Z4tba4PreRU=,9q8qJRaXTitrrnMqsEF39ffxnKw=
71,88,jg0+YuUIwZq7Gt95Z4tba4PreRU=,MgXP5WVAGmnR3n8Qp56Ck6BCYO8=
70,88,jg0+YuUIwZq7Gt95Z4tba4PreRU=,MgXP5WVAGmnR3n8Qp56Ck6BCYO8=
68,88,jg0+YuUIwZq7Gt95Z4tba4PreRU=,MgXP5WVAGmnR3n8Qp56Ck6BCYO8=
69,88,jg0+YuUIwZq7Gt95Z4tba4PreRU=,MgXP5WVAGmnR3n8Qp56Ck6BCYO8=
72,86,jg0+YuUIwZq7Gt95Z4tba4PreRU=,A/Sz98bnWzBA88HAKs14DJyYdRQ=
69,87,jg0+YuUIwZq7Gt95Z4tba4PreRU=,9q8qJRaXTitrrnMqsEF39ffxnKw=
69,80,jg0+YuUIwZq7Gt95Z4tba4PreRU=,9q8qJRaXTitrrnMqsEF39ffxnKw=
68,85,jg0+YuUIwZq7Gt95Z4tba4PreRU=,9q8qJRaXTitrrnMqsEF39ffxnKw=
72,87,jg0+YuUIwZq7Gt95Z4tba4PreRU=,A/Sz98bnWzBA88HAKs14DJyYdRQ=
68,80,jg0+YuUIwZq7Gt95Z4tba4PreRU=,9q8qJRaXTitrrnMqsEF39ffxnKw=
70,87,jg0+YuUIwZq7Gt95Z4tba4PreRU=,9q8qJRaXTitrrnMqsEF39ffxnKw=
74,80,jg0+YuUIwZq7Gt95Z4tba4PreRU=,A/Sz98bnWzBA88HAKs14DJyYdRQ=
70,81,jg0+YuUIwZq7Gt95Z4tba4PreRU=,9q8qJRaXTitrrnMqsEF39ffxnKw=
75,80,jg0+YuUIwZq7Gt95Z4tba4PreRU=,A/Sz98bnWzBA88HAKs14DJyYdRQ=
70,82,jg0+YuUIwZq7Gt95Z4tba4PreRU=,9q8qJRaXTitrrnMqsEF39ffxnKw=
69,81,jg0+YuUIwZq7Gt95Z4tba4PreRU=,9q8qJRaXTitrrnMqsEF39ffxnKw=
75,82,jg0+YuUIwZq7Gt95Z4tba4PreRU=,A/Sz98bnWzBA88HAKs14DJyYdRQ=
74,82,jg0+YuUIwZq7Gt95Z4tba4PreRU=,A/Sz98bnWzBA88HAKs14DJyYdRQ=
70,85,jg0+YuUIwZq7Gt95Z4tba4PreRU=,9q8qJRaXTitrrnMqsEF39ffxnKw=
73,80,jg0+YuUIwZq7Gt95Z4tba4PreRU=,A/Sz98bnWzBA88HAKs14DJyYdRQ=
74,83,jg0+YuUIwZq7Gt95Z4tba4PreRU=,A/Sz98bnWzBA88HAKs14DJyYdRQ=
71,80,jg0+YuUIwZq7Gt95Z4tba4PreRU=,9q8qJRaXTitrrnMqsEF39ffxnKw=
72,85,jg0+YuUIwZq7Gt95Z4tba4PreRU=,A/Sz98bnWzBA88HAKs14DJyYdRQ=
73,82,jg0+YuUIwZq7Gt95Z4tba4PreRU=,A/Sz98bnWzBA88HAKs14DJyYdRQ=
75,81,jg0+YuUIwZq7Gt95Z4tba4PreRU=,A/Sz98bnWzBA88HAKs14DJyYdRQ=
72,81,jg0+YuUIwZq7Gt95Z4tba4PreRU=,A/Sz98bnWzBA88HAKs14DJyYdRQ=
72,88,jg0+YuUIwZq7Gt95Z4tba4PreRU=,FKcjEsTP+1kONjXBN6Qxz69SFFM=
72,80,jg0+YuUIwZq7Gt95Z4tba4PreRU=,A/Sz98bnWzBA88HAKs14DJyYdRQ=
72,82,jg0+YuUIwZq7Gt95Z4tba4PreRU=,A/Sz98bnWzBA88HAKs14DJyYdRQ=
73,81,jg0+YuUIwZq7Gt95Z4tba4PreRU=,A/Sz98bnWzBA88HAKs14DJyYdRQ=
68,81,jg0+YuUIwZq7Gt95Z4tba4PreRU=,9q8qJRaXTitrrnMqsEF39ffxnKw=
73,83,jg0+YuUIwZq7Gt95Z4tba4PreRU=,A/Sz98bnWzBA88HAKs14DJyYdRQ=
68,82,jg0+YuUIwZq7Gt95Z4tba4PreRU=,9q8qJRaXTitrrnMqsEF39ffxnKw=
74,81,jg0+YuUIwZq7Gt95Z4tba4PreRU=,A/Sz98bnWzBA88HAKs14DJyYdRQ=
75,83,jg0+YuUIwZq7Gt95Z4tba4PreRU=,A/Sz98bnWzBA88HAKs14DJyYdRQ=
68,87,jg0+YuUIwZq7Gt95Z4tba4PreRU=,9q8qJRaXTitrrnMqsEF39ffxnKw=
64,84,jg0+YuUIwZq7Gt95Z4tba4PreRU=,9q8qJRaXTitrrnMqsEF39ffxnKw=
71,82,jg0+YuUIwZq7Gt95Z4tba4PreRU=,9q8qJRaXTitrrnMqsEF39ffxnKw=
68,84,jg0+YuUIwZq7Gt95Z4tba4PreRU=,9q8qJRaXTitrrnMqsEF39ffxnKw=
64,85,jg0+YuUIwZq7Gt95Z4tba4PreRU=,9q8qJRaXTitrrnMqsEF39ffxnKw=
71,83,jg0+YuUIwZq7Gt95Z4tba4PreRU=,9q8qJRaXTitrrnMqsEF39ffxnKw=
72,90,jg0+YuUIwZq7Gt95Z4tba4PreRU=,FKcjEsTP+1kONjXBN6Qxz69SFFM=
65,90,jg0+YuUIwZq7Gt95Z4tba4PreRU=,MgXP5WVAGmnR3n8Qp56Ck6BCYO8=
65,85,jg0+YuUIwZq7Gt95Z4tba4PreRU=,9q8qJRaXTitrrnMqsEF39ffxnKw=
65,86,jg0+YuUIwZq7Gt95Z4tba4PreRU=,9q8qJRaXTitrrnMqsEF39ffxnKw=
69,82,jg0+YuUIwZq7Gt95Z4tba4PreRU=,9q8qJRaXTitrrnMqsEF39ffxnKw=
69,83,jg0+YuUIwZq7Gt95Z4tba4PreRU=,9q8qJRaXTitrrnMqsEF39ffxnKw=
70,83,jg0+YuUIwZq7Gt95Z4tba4PreRU=,9q8qJRaXTitrrnMqsEF39ffxnKw=
71,86,jg0+YuUIwZq7Gt95Z4tba4PreRU=,9q8qJRaXTitrrnMqsEF39ffxnKw=
65,84,jg0+YuUIwZq7Gt95Z4tba4PreRU=,9q8qJRaXTitrrnMqsEF39ffxnKw=
64,89,jg0+YuUIwZq7Gt95Z4tba4PreRU=,MgXP5WVAGmnR3n8Qp56Ck6BCYO8=
64,87,jg0+YuUIwZq7Gt95Z4tba4PreRU=,9q8qJRaXTitrrnMqsEF39ffxnKw=
68,83,jg0+YuUIwZq7Gt95Z4tba4PreRU=,9q8qJRaXTitrrnMqsEF39ffxnKw=
71,89,jg0+YuUIwZq7Gt95Z4tba4PreRU=,MgXP5WVAGmnR3n8Qp56Ck6BCYO8=
64,86,jg0+YuUIwZq7Gt95Z4tba4PreRU=,9q8qJRaXTitrrnMqsEF39ffxnKw=
67,84,jg0+YuUIwZq7Gt95Z4tba4PreRU=,9q8qJRaXTitrrnMqsEF39ffxnKw=
66,84,jg0+YuUIwZq7Gt95Z4tba4PreRU=,9q8qJRaXTitrrnMqsEF39ffxnKw=
64,91,jg0+YuUIwZq7Gt95Z4tba4PreRU=,MgXP5WVAGmnR3n8Qp56Ck6BCYO8=
65,91,jg0+YuUIwZq7Gt95Z4tba4PreRU=,MgXP5WVAGmnR3n8Qp56Ck6BCYO8=
67,90,jg0+YuUIwZq7Gt95Z4tba4PreRU=,MgXP5WVAGmnR3n8Qp56Ck6BCYO8=
66,90,jg0+YuUIwZq7Gt95Z4tba4PreRU=,MgXP5WVAGmnR3n8Qp56Ck6BCYO8=
65,87,jg0+YuUIwZq7Gt95Z4tba4PreRU=,9q8qJRaXTitrrnMqsEF39ffxnKw=
66,85,jg0+YuUIwZq7Gt95Z4tba4PreRU=,9q8qJRaXTitrrnMqsEF39ffxnKw=
66,87,jg0+YuUIwZq7Gt95Z4tba4PreRU=,9q8qJRaXTitrrnMqsEF39ffxnKw=
70,89,jg0+YuUIwZq7Gt95Z4tba4PreRU=,MgXP5WVAGmnR3n8Qp56Ck6BCYO8=
71,95,jg0+YuUIwZq7Gt95Z4tba4PreRU=,MgXP5WVAGmnR3n8Qp56Ck6BCYO8=
67,87,jg0+YuUIwZq7Gt95Z4tba4PreRU=,9q8qJRaXTitrrnMqsEF39ffxnKw=
64,88,jg0+YuUIwZq7Gt95Z4tba4PreRU=,MgXP5WVAGmnR3n8Qp56Ck6BCYO8=
79,87,jg0+YuUIwZq7Gt95Z4tba4PreRU=,A/Sz98bnWzBA88HAKs14DJyYdRQ=
67,85,jg0+YuUIwZq7Gt95Z4tba4PreRU=,9q8qJRaXTitrrnMqsEF39ffxnKw=
66,91,jg0+YuUIwZq7Gt95Z4tba4PreRU=,MgXP5WVAGmnR3n8Qp56Ck6BCYO8=
71,93,jg0+YuUIwZq7Gt95Z4tba4PreRU=,MgXP5WVAGmnR3n8Qp56Ck6BCYO8=
67,89,jg0+YuUIwZq7Gt95Z4tba4PreRU=,MgXP5WVAGmnR3n8Qp56Ck6BCYO8=
71,92,jg0+YuUIwZq7Gt95Z4tba4PreRU=,MgXP5WVAGmnR3n8Qp56Ck6BCYO8=
69,89,jg0+YuUIwZq7Gt95Z4tba4PreRU=,MgXP5WVAGmnR3n8Qp56Ck6BCYO8=
73,92,jg0+YuUIwZq7Gt95Z4tba4PreRU=,FKcjEsTP+1kONjXBN6Qxz69SFFM=
67,88,jg0+YuUIwZq7Gt95Z4tba4PreRU=,MgXP5WVAGmnR3n8Qp56Ck6BCYO8=
64,95,jg0+YuUIwZq7Gt95Z4tba4PreRU=,MgXP5WVAGmnR3n8Qp56Ck6BCYO8=
79,80,jg0+YuUIwZq7Gt95Z4tba4PreRU=,A/Sz98bnWzBA88HAKs14DJyYdRQ=
66,89,jg0+YuUIwZq7Gt95Z4tba4PreRU=,MgXP5WVAGmnR3n8Qp56Ck6BCYO8=
65,89,jg0+YuUIwZq7Gt95Z4tba4PreRU=,MgXP5WVAGmnR3n8Qp56Ck6BCYO8=
69,86,jg0+YuUIwZq7Gt95Z4tba4PreRU=,9q8qJRaXTitrrnMqsEF39ffxnKw=
65,88,jg0+YuUIwZq7Gt95Z4tba4PreRU=,MgXP5WVAGmnR3n8Qp56Ck6BCYO8=
70,93,jg0+YuUIwZq7Gt95Z4tba4PreRU=,MgXP5WVAGmnR3n8Qp56Ck6BCYO8=
66,88,jg0+YuUIwZq7Gt95Z4tba4PreRU=,MgXP5WVAGmnR3n8Qp56Ck6BCYO8=
70,92,jg0+YuUIwZq7Gt95Z4tba4PreRU=,MgXP5WVAGmnR3n8Qp56Ck6BCYO8=
70,86,jg0+YuUIwZq7Gt95Z4tba4PreRU=,9q8qJRaXTitrrnMqsEF39ffxnKw=
79,86,jg0+YuUIwZq7Gt95Z4tba4PreRU=,A/Sz98bnWzBA88HAKs14DJyYdRQ=
64,90,jg0+YuUIwZq7Gt95Z4tba4PreRU=,MgXP5WVAGmnR3n8Qp56Ck6BCYO8=
68,86,jg0+YuUIwZq7Gt95Z4tba4PreRU=,9q8qJRaXTitrrnMqsEF39ffxnKw=
67,91,jg0+YuUIwZq7Gt95Z4tba4PreRU=,MgXP5WVAGmnR3n8Qp56Ck6BCYO8=
69,92,jg0+YuUIwZq7Gt95Z4tba4PreRU=,MgXP5WVAGmnR3n8Qp56Ck6BCYO8=
68,89,jg0+YuUIwZq7Gt95Z4tba4PreRU=,MgXP5WVAGmnR3n8Qp56Ck6BCYO8=
72,84,jg0+YuUIwZq7Gt95Z4tba4PreRU=,A/Sz98bnWzBA88HAKs14DJyYdRQ=
75,95,jg0+YuUIwZq7Gt95Z4tba4PreRU=,FKcjEsTP+1kONjXBN6Qxz69SFFM=
68,92,jg0+YuUIwZq7Gt95Z4tba4PreRU=,MgXP5WVAGmnR3n8Qp56Ck6BCYO8=
69,93,jg0+YuUIwZq7Gt95Z4tba4PreRU=,MgXP5WVAGmnR3n8Qp56Ck6BCYO8=
71,81,jg0+YuUIwZq7Gt95Z4tba4PreRU=,9q8qJRaXTitrrnMqsEF39ffxnKw=
70,95,jg0+YuUIwZq7Gt95Z4tba4PreRU=,MgXP5WVAGmnR3n8Qp56Ck6BCYO8=
76,87,jg0+YuUIwZq7Gt95Z4tba4PreRU=,A/Sz98bnWzBA88HAKs14DJyYdRQ=
69,94,jg0+YuUIwZq7Gt95Z4tba4PreRU=,MgXP5WVAGmnR3n8Qp56Ck6BCYO8=
68,93,jg0+YuUIwZq7Gt95Z4tba4PreRU=,MgXP5WVAGmnR3n8Qp56Ck6BCYO8=
77,87,jg0+YuUIwZq7Gt95Z4tba4PreRU=,A/Sz98bnWzBA88HAKs14DJyYdRQ=
79,85,jg0+YuUIwZq7Gt95Z4tba4PreRU=,A/Sz98bnWzBA88HAKs14DJyYdRQ=
74,92,jg0+YuUIwZq7Gt95Z4tba4PreRU=,FKcjEsTP+1kONjXBN6Qxz69SFFM=
64,81,jg0+YuUIwZq7Gt95Z4tba4PreRU=,9q8qJRaXTitrrnMqsEF39ffxnKw=
66,86,jg0+YuUIwZq7Gt95Z4tba4PreRU=,9q8qJRaXTitrrnMqsEF39ffxnKw=
78,87,jg0+YuUIwZq7Gt95Z4tba4PreRU=,A/Sz98bnWzBA88HAKs14DJyYdRQ=
72,83,jg0+YuUIwZq7Gt95Z4tba4PreRU=,A/Sz98bnWzBA88HAKs14DJyYdRQ=
79,88,jg0+YuUIwZq7Gt95Z4tba4PreRU=,FKcjEsTP+1kONjXBN6Qxz69SFFM=
78,89,jg0+YuUIwZq7Gt95Z4tba4PreRU=,FKcjEsTP+1kONjXBN6Qxz69SFFM=
79,89,jg0+YuUIwZq7Gt95Z4tba4PreRU=,FKcjEsTP+1kONjXBN6Qxz69SFFM=
72,89,jg0+YuUIwZq7Gt95Z4tba4PreRU=,FKcjEsTP+1kONjXBN6Qxz69SFFM=
65,92,jg0+YuUIwZq7Gt95Z4tba4PreRU=,MgXP5WVAGmnR3n8Qp56Ck6BCYO8=
76,84,jg0+YuUIwZq7Gt95Z4tba4PreRU=,A/Sz98bnWzBA88HAKs14DJyYdRQ=
71,94,jg0+YuUIwZq7Gt95Z4tba4PreRU=,MgXP5WVAGmnR3n8Qp56Ck6BCYO8=
70,94,jg0+YuUIwZq7Gt95Z4tba4PreRU=,MgXP5WVAGmnR3n8Qp56Ck6BCYO8=
64,80,jg0+YuUIwZq7Gt95Z4tba4PreRU=,9q8qJRaXTitrrnMqsEF39ffxnKw=
76,80,jg0+YuUIwZq7Gt95Z4tba4PreRU=,A/Sz98bnWzBA88HAKs14DJyYdRQ=
74,95,jg0+YuUIwZq7Gt95Z4tba4PreRU=,FKcjEsTP+1kONjXBN6Qxz69SFFM=
77,91,jg0+YuUIwZq7Gt95Z4tba4PreRU=,FKcjEsTP+1kONjXBN6Qxz69SFFM=
78,90,jg0+YuUIwZq7Gt95Z4tba4PreRU=,FKcjEsTP+1kONjXBN6Qxz69SFFM=
67,86,jg0+YuUIwZq7Gt95Z4tba4PreRU=,9q8qJRaXTitrrnMqsEF39ffxnKw=
64,82,jg0+YuUIwZq7Gt95Z4tba4PreRU=,9q8qJRaXTitrrnMqsEF39ffxnKw=
76,91,jg0+YuUIwZq7Gt95Z4tba4PreRU=,FKcjEsTP+1kONjXBN6Qxz69SFFM=
73,93,jg0+YuUIwZq7Gt95Z4tba4PreRU=,FKcjEsTP+1kONjXBN6Qxz69SFFM=
76,85,jg0+YuUIwZq7Gt95Z4tba4PreRU=,A/Sz98bnWzBA88HAKs14DJyYdRQ=
68,94,jg0+YuUIwZq7Gt95Z4tba4PreRU=,MgXP5WVAGmnR3n8Qp56Ck6BCYO8=
79,84,jg0+YuUIwZq7Gt95Z4tba4PreRU=,A/Sz98bnWzBA88HAKs14DJyYdRQ=
77,90,jg0+YuUIwZq7Gt95Z4tba4PreRU=,FKcjEsTP+1kONjXBN6Qxz69SFFM=
73,91,jg0+YuUIwZq7Gt95Z4tba4PreRU=,FKcjEsTP+1kONjXBN6Qxz69SFFM=
69,95,jg0+YuUIwZq7Gt95Z4tba4PreRU=,MgXP5WVAGmnR3n8Qp56Ck6BCYO8=
76,89,jg0+YuUIwZq7Gt95Z4tba4PreRU=,FKcjEsTP+1kONjXBN6Qxz69SFFM=
71,91,jg0+YuUIwZq7Gt95Z4tba4PreRU=,MgXP5WVAGmnR3n8Qp56Ck6BCYO8=
78,91,jg0+YuUIwZq7Gt95Z4tba4PreRU=,FKcjEsTP+1kONjXBN6Qxz69SFFM=
74,93,jg0+YuUIwZq7Gt95Z4tba4PreRU=,FKcjEsTP+1kONjXBN6Qxz69SFFM=
67,95,jg0+YuUIwZq7Gt95Z4tba4PreRU=,MgXP5WVAGmnR3n8Qp56Ck6BCYO8=
67,81,jg0+YuUIwZq7Gt95Z4tba4PreRU=,9q8qJRaXTitrrnMqsEF39ffxnKw=
75,92,jg0+YuUIwZq7Gt95Z4tba4PreRU=,FKcjEsTP+1kONjXBN6Qxz69SFFM=
73,95,jg0+YuUIwZq7Gt95Z4tba4PreRU=,FKcjEsTP+1kONjXBN6Qxz69SFFM=
77,89,jg0+YuUIwZq7Gt95Z4tba4PreRU=,FKcjEsTP+1kONjXBN6Qxz69SFFM=
77,84,jg0+YuUIwZq7Gt95Z4tba4PreRU=,A/Sz98bnWzBA88HAKs14DJyYdRQ=
76,88,jg0+YuUIwZq7Gt95Z4tba4PreRU=,FKcjEsTP+1kONjXBN6Qxz69SFFM=
78,84,jg0+YuUIwZq7Gt95Z4tba4PreRU=,A/Sz98bnWzBA88HAKs14DJyYdRQ=
78,86,jg0+YuUIwZq7Gt95Z4tba4PreRU=,A/Sz98bnWzBA88HAKs14DJyYdRQ=
66,92,jg0+YuUIwZq7Gt95Z4tba4PreRU=,MgXP5WVAGmnR3n8Qp56Ck6BCYO8=
77,80,jg0+YuUIwZq7Gt95Z4tba4PreRU=,A/Sz98bnWzBA88HAKs14DJyYdRQ=
77,85,jg0+YuUIwZq7Gt95Z4tba4PreRU=,A/Sz98bnWzBA88HAKs14DJyYdRQ=
66,81,jg0+YuUIwZq7Gt95Z4tba4PreRU=,9q8qJRaXTitrrnMqsEF39ffxnKw=
77,81,jg0+YuUIwZq7Gt95Z4tba4PreRU=,A/Sz98bnWzBA88HAKs14DJyYdRQ=
77,88,jg0+YuUIwZq7Gt95Z4tba4PreRU=,FKcjEsTP+1kONjXBN6Qxz69SFFM=
78,81,jg0+YuUIwZq7Gt95Z4tba4PreRU=,A/Sz98bnWzBA88HAKs14DJyYdRQ=
74,91,jg0+YuUIwZq7Gt95Z4tba4PreRU=,FKcjEsTP+1kONjXBN6Qxz69SFFM=
76,90,jg0+YuUIwZq7Gt95Z4tba4PreRU=,FKcjEsTP+1kONjXBN6Qxz69SFFM=
78,88,jg0+YuUIwZq7Gt95Z4tba4PreRU=,FKcjEsTP+1kONjXBN6Qxz69SFFM=
76,92,jg0+YuUIwZq7Gt95Z4tba4PreRU=,FKcjEsTP+1kONjXBN6Qxz69SFFM=
70,91,jg0+YuUIwZq7Gt95Z4tba4PreRU=,MgXP5WVAGmnR3n8Qp56Ck6BCYO8=
76,81,jg0+YuUIwZq7Gt95Z4tba4PreRU=,A/Sz98bnWzBA88HAKs14DJyYdRQ=
77,86,jg0+YuUIwZq7Gt95Z4tba4PreRU=,A/Sz98bnWzBA88HAKs14DJyYdRQ=
78,80,jg0+YuUIwZq7Gt95Z4tba4PreRU=,A/Sz98bnWzBA88HAKs14DJyYdRQ=
72,95,jg0+YuUIwZq7Gt95Z4tba4PreRU=,FKcjEsTP+1kONjXBN6Qxz69SFFM=
67,83,jg0+YuUIwZq7Gt95Z4tba4PreRU=,9q8qJRaXTitrrnMqsEF39ffxnKw=
67,82,jg0+YuUIwZq7Gt95Z4tba4PreRU=,9q8qJRaXTitrrnMqsEF39ffxnKw=
64,83,jg0+YuUIwZq7Gt95Z4tba4PreRU=,9q8qJRaXTitrrnMqsEF39ffxnKw=
78,94,jg0+YuUIwZq7Gt95Z4tba4PreRU=,FKcjEsTP+1kONjXBN6Qxz69SFFM=
76,86,jg0+YuUIwZq7Gt95Z4tba4PreRU=,A/Sz98bnWzBA88HAKs14DJyYdRQ=
77,92,jg0+YuUIwZq7Gt95Z4tba4PreRU=,FKcjEsTP+1kONjXBN6Qxz69SFFM=
75,91,jg0+YuUIwZq7Gt95Z4tba4PreRU=,FKcjEsTP+1kONjXBN6Qxz69SFFM=
66,95,jg0+YuUIwZq7Gt95Z4tba4PreRU=,MgXP5WVAGmnR3n8Qp56Ck6BCYO8=
78,92,jg0+YuUIwZq7Gt95Z4tba4PreRU=,FKcjEsTP+1kONjXBN6Qxz69SFFM=
77,93,jg0+YuUIwZq7Gt95Z4tba4PreRU=,FKcjEsTP+1kONjXBN6Qxz69SFFM=
79,95,jg0+YuUIwZq7Gt95Z4tba4PreRU=,FKcjEsTP+1kONjXBN6Qxz69SFFM=
73,94,jg0+YuUIwZq7Gt95Z4tba4PreRU=,FKcjEsTP+1kONjXBN6Qxz69SFFM=
75,89,jg0+YuUIwZq7Gt95Z4tba4PreRU=,FKcjEsTP+1kONjXBN6Qxz69SFFM=
74,90,jg0+YuUIwZq7Gt95Z4tba4PreRU=,FKcjEsTP+1kONjXBN6Qxz69SFFM=
78,85,jg0+YuUIwZq7Gt95Z4tba4PreRU=,A/Sz98bnWzBA88HAKs14DJyYdRQ=
78,93,jg0+YuUIwZq7Gt95Z4tba4PreRU=,FKcjEsTP+1kONjXBN6Qxz69SFFM=
75,90,jg0+YuUIwZq7Gt95Z4tba4PreRU=,FKcjEsTP+1kONjXBN6Qxz69SFFM=
76,93,jg0+YuUIwZq7Gt95Z4tba4PreRU=,FKcjEsTP+1kONjXBN6Qxz69SFFM=
65,95,jg0+YuUIwZq7Gt95Z4tba4PreRU=,MgXP5WVAGmnR3n8Qp56Ck6BCYO8=
78,95,jg0+YuUIwZq7Gt95Z4tba4PreRU=,FKcjEsTP+1kONjXBN6Qxz69SFFM=
76,82,jg0+YuUIwZq7Gt95Z4tba4PreRU=,A/Sz98bnWzBA88HAKs14DJyYdRQ=
74,89,jg0+YuUIwZq7Gt95Z4tba4PreRU=,FKcjEsTP+1kONjXBN6Qxz69SFFM=
73,89,jg0+YuUIwZq7Gt95Z4tba4PreRU=,FKcjEsTP+1kONjXBN6Qxz69SFFM=
69,91,jg0+YuUIwZq7Gt95Z4tba4PreRU=,MgXP5WVAGmnR3n8Qp56Ck6BCYO8=
65,81,jg0+YuUIwZq7Gt95Z4tba4PreRU=,9q8qJRaXTitrrnMqsEF39ffxnKw=
77,82,jg0+YuUIwZq7Gt95Z4tba4PreRU=,A/Sz98bnWzBA88HAKs14DJyYdRQ=
65,80,jg0+YuUIwZq7Gt95Z4tba4PreRU=,9q8qJRaXTitrrnMqsEF39ffxnKw=
77,94,jg0+YuUIwZq7Gt95Z4tba4PreRU=,FKcjEsTP+1kONjXBN6Qxz69SFFM=
79,90,jg0+YuUIwZq7Gt95Z4tba4PreRU=,FKcjEsTP+1kONjXBN6Qxz69SFFM=
79,91,jg0+YuUIwZq7Gt95Z4tba4PreRU=,FKcjEsTP+1kONjXBN6Qxz69SFFM=
64,94,jg0+YuUIwZq7Gt95Z4tba4PreRU=,MgXP5WVAGmnR3n8Qp56Ck6BCYO8=
72,94,jg0+YuUIwZq7Gt95Z4tba4PreRU=,FKcjEsTP+1kONjXBN6Qxz69SFFM=
73,90,jg0+YuUIwZq7Gt95Z4tba4PreRU=,FKcjEsTP+1kONjXBN6Qxz69SFFM=
74,84,jg0+YuUIwZq7Gt95Z4tba4PreRU=,A/Sz98bnWzBA88HAKs14DJyYdRQ=
75,84,jg0+YuUIwZq7Gt95Z4tba4PreRU=,A/Sz98bnWzBA88HAKs14DJyYdRQ=
66,80,jg0+YuUIwZq7Gt95Z4tba4PreRU=,9q8qJRaXTitrrnMqsEF39ffxnKw=
74,88,jg0+YuUIwZq7Gt95Z4tba4PreRU=,FKcjEsTP+1kONjXBN6Qxz69SFFM=
68,95,jg0+YuUIwZq7Gt95Z4tba4PreRU=,MgXP5WVAGmnR3n8Qp56Ck6BCYO8=
65,82,jg0+YuUIwZq7Gt95Z4tba4PreRU=,9q8qJRaXTitrrnMqsEF39ffxnKw=
66,83,jg0+YuUIwZq7Gt95Z4tba4PreRU=,9q8qJRaXTitrrnMqsEF39ffxnKw=
75,88,jg0+YuUIwZq7Gt95Z4tba4PreRU=,FKcjEsTP+1kONjXBN6Qxz69SFFM=
66,82,jg0+YuUIwZq7Gt95Z4tba4PreRU=,9q8qJRaXTitrrnMqsEF39ffxnKw=
75,85,jg0+YuUIwZq7Gt95Z4tba4PreRU=,A/Sz98bnWzBA88HAKs14DJyYdRQ=
73,88,jg0+YuUIwZq7Gt95Z4tba4PreRU=,FKcjEsTP+1kONjXBN6Qxz69SFFM=
67,80,jg0+YuUIwZq7Gt95Z4tba4PreRU=,9q8qJRaXTitrrnMqsEF39ffxnKw=
76,83,jg0+YuUIwZq7Gt95Z4tba4PreRU=,A/Sz98bnWzBA88HAKs14DJyYdRQ=
64,93,jg0+YuUIwZq7Gt95Z4tba4PreRU=,MgXP5WVAGmnR3n8Qp56Ck6BCYO8=
74,85,jg0+YuUIwZq7Gt95Z4tba4PreRU=,A/Sz98bnWzBA88HAKs14DJyYdRQ=
68,91,jg0+YuUIwZq7Gt95Z4tba4PreRU=,MgXP5WVAGmnR3n8Qp56Ck6BCYO8=
75,86,jg0+YuUIwZq7Gt95Z4tba4PreRU=,A/Sz98bnWzBA88HAKs14DJyYdRQ=
72,93,jg0+YuUIwZq7Gt95Z4tba4PreRU=,FKcjEsTP+1kONjXBN6Qxz69SFFM=
75,87,jg0+YuUIwZq7Gt95Z4tba4PreRU=,A/Sz98bnWzBA88HAKs14DJyYdRQ=
74,86,jg0+YuUIwZq7Gt95Z4tba4PreRU=,A/Sz98bnWzBA88HAKs14DJyYdRQ=
79,83,jg0+YuUIwZq7Gt95Z4tba4PreRU=,A/Sz98bnWzBA88HAKs14DJyYdRQ=
75,93,jg0+YuUIwZq7Gt95Z4tba4PreRU=,FKcjEsTP+1kONjXBN6Qxz69SFFM=
73,84,jg0+YuUIwZq7Gt95Z4tba4PreRU=,A/Sz98bnWzBA88HAKs14DJyYdRQ=
74,87,jg0+YuUIwZq7Gt95Z4tba4PreRU=,A/Sz98bnWzBA88HAKs14DJyYdRQ=
73,85,jg0+YuUIwZq7Gt95Z4tba4PreRU=,A/Sz98bnWzBA88HAKs14DJyYdRQ=
64,92,jg0+YuUIwZq7Gt95Z4tba4PreRU=,MgXP5WVAGmnR3n8Qp56Ck6BCYO8=
67,92,jg0+YuUIwZq7Gt95Z4tba4PreRU=,MgXP5WVAGmnR3n8Qp56Ck6BCYO8=
73,86,jg0+YuUIwZq7Gt95Z4tba4PreRU=,A/Sz98bnWzBA88HAKs14DJyYdRQ=
72,91,jg0+YuUIwZq7Gt95Z4tba4PreRU=,FKcjEsTP+1kONjXBN6Qxz69SFFM=
72,92,jg0+YuUIwZq7Gt95Z4tba4PreRU=,FKcjEsTP+1kONjXBN6Qxz69SFFM=
68,90,jg0+YuUIwZq7Gt95Z4tba4PreRU=,MgXP5WVAGmnR3n8Qp56Ck6BCYO8=
76,95,jg0+YuUIwZq7Gt95Z4tba4PreRU=,FKcjEsTP+1kONjXBN6Qxz69SFFM=
78,82,jg0+YuUIwZq7Gt95Z4tba4PreRU=,A/Sz98bnWzBA88HAKs14DJyYdRQ=
73,87,jg0+YuUIwZq7Gt95Z4tba4PreRU=,A/Sz98bnWzBA88HAKs14DJyYdRQ=
65,94,jg0+YuUIwZq7Gt95Z4tba4PreRU=,MgXP5WVAGmnR3n8Qp56Ck6BCYO8=
69,90,jg0+YuUIwZq7Gt95Z4tba4PreRU=,MgXP5WVAGmnR3n8Qp56Ck6BCYO8=
79,92,jg0+YuUIwZq7Gt95Z4tba4PreRU=,FKcjEsTP+1kONjXBN6Qxz69SFFM=
66,94,jg0+YuUIwZq7Gt95Z4tba4PreRU=,MgXP5WVAGmnR3n8Qp56Ck6BCYO8=
77,83,jg0+YuUIwZq7Gt95Z4tba4PreRU=,A/Sz98bnWzBA88HAKs14DJyYdRQ=
65,93,jg0+YuUIwZq7Gt95Z4tba4PreRU=,MgXP5WVAGmnR3n8Qp56Ck6BCYO8=
74,94,jg0+YuUIwZq7Gt95Z4tba4PreRU=,FKcjEsTP+1kONjXBN6Qxz69SFFM=
76,94,jg0+YuUIwZq7Gt95Z4tba4PreRU=,FKcjEsTP+1kONjXBN6Qxz69SFFM=
66,93,jg0+YuUIwZq7Gt95Z4tba4PreRU=,MgXP5WVAGmnR3n8Qp56Ck6BCYO8=
77,95,jg0+YuUIwZq7Gt95Z4tba4PreRU=,FKcjEsTP+1kONjXBN6Qxz69SFFM=
71,90,jg0+YuUIwZq7Gt95Z4tba4PreRU=,MgXP5WVAGmnR3n8Qp56Ck6BCYO8=
78,83,jg0+YuUIwZq7Gt95Z4tba4PreRU=,A/Sz98bnWzBA88HAKs14DJyYdRQ=
67,93,jg0+YuUIwZq7Gt95Z4tba4PreRU=,MgXP5WVAGmnR3n8Qp56Ck6BCYO8=
70,90,jg0+YuUIwZq7Gt95Z4tba4PreRU=,MgXP5WVAGmnR3n8Qp56Ck6BCYO8=
79,81,jg0+YuUIwZq7Gt95Z4tba4PreRU=,A/Sz98bnWzBA88HAKs14DJyYdRQ=
79,82,jg0+YuUIwZq7Gt95Z4tba4PreRU=,A/Sz98bnWzBA88HAKs14DJyYdRQ=
67,94,jg0+YuUIwZq7Gt95Z4tba4PreRU=,MgXP5WVAGmnR3n8Qp56Ck6BCYO8=
65,83,jg0+YuUIwZq7Gt95Z4tba4PreRU=,9q8qJRaXTitrrnMqsEF39ffxnKw=
79,94,jg0+YuUIwZq7Gt95Z4tba4PreRU=,FKcjEsTP+1kONjXBN6Qxz69SFFM=
79,93,jg0+YuUIwZq7Gt95Z4tba4PreRU=,FKcjEsTP+1kONjXBN6Qxz69SFFM=
75,94,cL8vV2EXVhNT88dRkFgGAJbNFbM=,FKcjEsTP+1kONjXBN6Qxz69SFFM=
87,84,U85AwVS2Ph1XwGDFK1ROLEHdjcE=,p+FgQTShR0Nhrl0/rZIO17UiCV8=
87,85,U85AwVS2Ph1XwGDFK1ROLEHdjcE=,p+FgQTShR0Nhrl0/rZIO17UiCV8=
86,88,U85AwVS2Ph1XwGDFK1ROLEHdjcE=,iOTmU5XXqoKac13jOt/0O8Y2LWA=
87,88,U85AwVS2Ph1XwGDFK1ROLEHdjcE=,iOTmU5XXqoKac13jOt/0O8Y2LWA=
87,80,U85AwVS2Ph1XwGDFK1ROLEHdjcE=,p+FgQTShR0Nhrl0/rZIO17UiCV8=
86,81,U85AwVS2Ph1XwGDFK1ROLEHdjcE=,p+FgQTShR0Nhrl0/rZIO17UiCV8=
85,85,U85AwVS2Ph1XwGDFK1ROLEHdjcE=,p+FgQTShR0Nhrl0/rZIO17UiCV8=
86,80,U85AwVS2Ph1XwGDFK1ROLEHdjcE=,p+FgQTShR0Nhrl0/rZIO17UiCV8=
87,86,U85AwVS2Ph1XwGDFK1ROLEHdjcE=,p+FgQTShR0Nhrl0/rZIO17UiCV8=
85,80,U85AwVS2Ph1XwGDFK1ROLEHdjcE=,p+FgQTShR0Nhrl0/rZIO17UiCV8=
87,95,U85AwVS2Ph1XwGDFK1ROLEHdjcE=,iOTmU5XXqoKac13jOt/0O8Y2LWA=
89,85,U85AwVS2Ph1XwGDFK1ROLEHdjcE=,B3KvYtJ9++viMCbbNPwS018fVfA=
86,86,U85AwVS2Ph1XwGDFK1ROLEHdjcE=,p+FgQTShR0Nhrl0/rZIO17UiCV8=
90,85,U85AwVS2Ph1XwGDFK1ROLEHdjcE=,B3KvYtJ9++viMCbbNPwS018fVfA=
88,85,U85AwVS2Ph1XwGDFK1ROLEHdjcE=,B3KvYtJ9++viMCbbNPwS018fVfA=
80,88,U85AwVS2Ph1XwGDFK1ROLEHdjcE=,iOTmU5XXqoKac13jOt/0O8Y2LWA=
93,85,U85AwVS2Ph1XwGDFK1ROLEHdjcE=,B3KvYtJ9++viMCbbNPwS018fVfA=
86,82,U85AwVS2Ph1XwGDFK1ROLEHdjcE=,p+FgQTShR0Nhrl0/rZIO17UiCV8=
84,80,U85AwVS2Ph1XwGDFK1ROLEHdjcE=,p+FgQTShR0Nhrl0/rZIO17UiCV8=
92,95,U85AwVS2Ph1XwGDFK1ROLEHdjcE=,0Scso84ChON84HvBFVftRMxF3JI=
93,95,U85AwVS2Ph1XwGDFK1ROLEHdjcE=,0Scso84ChON84HvBFVftRMxF3JI=
87,87,U85AwVS2Ph1XwGDFK1ROLEHdjcE=,p+FgQTShR0Nhrl0/rZIO17UiCV8=
93,90,U85AwVS2Ph1XwGDFK1ROLEHdjcE=,0Scso84ChON84HvBFVftRMxF3JI=
92,88,U85AwVS2Ph1XwGDFK1ROLEHdjcE=,0Scso84ChON84HvBFVftRMxF3JI=
94,95,U85AwVS2Ph1XwGDFK1ROLEHdjcE=,0Scso84ChON84HvBFVftRMxF3JI=
91,85,U85AwVS2Ph1XwGDFK1ROLEHdjcE=,B3KvYtJ9++viMCbbNPwS018fVfA=
93,88,U85AwVS2Ph1XwGDFK1ROLEHdjcE=,0Scso84ChON84HvBFVftRMxF3JI=
92,90,U85AwVS2Ph1XwGDFK1ROLEHdjcE=,0Scso84ChON84HvBFVftRMxF3JI=
86,95,U85AwVS2Ph1XwGDFK1ROLEHdjcE=,iOTmU5XXqoKac13jOt/0O8Y2LWA=
94,90,U85AwVS2Ph1XwGDFK1ROLEHdjcE=,0Scso84ChON84HvBFVftRMxF3JI=
80,87,U85AwVS2Ph1XwGDFK1ROLEHdjcE=,p+FgQTShR0Nhrl0/rZIO17UiCV8=
87,83,U85AwVS2Ph1XwGDFK1ROLEHdjcE=,p+FgQTShR0Nhrl0/rZIO17UiCV8=
80,89,U85AwVS2Ph1XwGDFK1ROLEHdjcE=,iOTmU5XXqoKac13jOt/0O8Y2LWA=
95,95,U85AwVS2Ph1XwGDFK1ROLEHdjcE=,0Scso84ChON84HvBFVftRMxF3JI=
91,88,U85AwVS2Ph1XwGDFK1ROLEHdjcE=,0Scso84ChON84HvBFVftRMxF3JI=
92,85,U85AwVS2Ph1XwGDFK1ROLEHdjcE=,B3KvYtJ9++viMCbbNPwS018fVfA=
90,88,U85AwVS2Ph1XwGDFK1ROLEHdjcE=,0Scso84ChON84HvBFVftRMxF3JI=
80,80,U85AwVS2Ph1XwGDFK1ROLEHdjcE=,p+FgQTShR0Nhrl0/rZIO17UiCV8=
88,88,U85AwVS2Ph1XwGDFK1ROLEHdjcE=,0Scso84ChON84HvBFVftRMxF3JI=
80,86,U85AwVS2Ph1XwGDFK1ROLEHdjcE=,p+FgQTShR0Nhrl0/rZIO17UiCV8=
80,85,U85AwVS2Ph1XwGDFK1ROLEHdjcE=,p+FgQTShR0Nhrl0/rZIO17UiCV8=
80,84,U85AwVS2Ph1XwGDFK1ROLEHdjcE=,p+FgQTShR0Nhrl0/rZIO17UiCV8=
94,85,U85AwVS2Ph1XwGDFK1ROLEHdjcE=,B3KvYtJ9++viMCbbNPwS018fVfA=
89,88,U85AwVS2Ph1XwGDFK1ROLEHdjcE=,0Scso84ChON84HvBFVftRMxF3JI=
80,91,U85AwVS2Ph1XwGDFK1ROLEHdjcE=,iOTmU5XXqoKac13jOt/0O8Y2LWA=
84,83,U85AwVS2Ph1XwGDFK1ROLEHdjcE=,p+FgQTShR0Nhrl0/rZIO17UiCV8=
89,91,U85AwVS2Ph1XwGDFK1ROLEHdjcE=,0Scso84ChON84HvBFVftRMxF3JI=
94,84,U85AwVS2Ph1XwGDFK1ROLEHdjcE=,B3KvYtJ9++viMCbbNPwS018fVfA=
82,92,U85AwVS2Ph1XwGDFK1ROLEHdjcE=,iOTmU5XXqoKac13jOt/0O8Y2LWA=
81,90,U85AwVS2Ph1XwGDFK1ROLEHdjcE=,iOTmU5XXqoKac13jOt/0O8Y2LWA=
85,88,U85AwVS2Ph1XwGDFK1ROLEHdjcE=,iOTmU5XXqoKac13jOt/0O8Y2LWA=
81,92,U85AwVS2Ph1XwGDFK1ROLEHdjcE=,iOTmU5XXqoKac13jOt/0O8Y2LWA=
91,95,U85AwVS2Ph1XwGDFK1ROLEHdjcE=,0Scso84ChON84HvBFVftRMxF3JI=
80,81,U85AwVS2Ph1XwGDFK1ROLEHdjcE=,p+FgQTShR0Nhrl0/rZIO17UiCV8=
86,92,U85AwVS2Ph1XwGDFK1ROLEHdjcE=,iOTmU5XXqoKac13jOt/0O8Y2LWA=
85,83,U85AwVS2Ph1XwGDFK1ROLEHdjcE=,p+FgQTShR0Nhrl0/rZIO17UiCV8=
87,81,U85AwVS2Ph1XwGDFK1ROLEHdjcE=,p+FgQTShR0Nhrl0/rZIO17UiCV8=
85,92,U85AwVS2Ph1XwGDFK1ROLEHdjcE=,iOTmU5XXqoKac13jOt/0O8Y2LWA=
84,92,U85AwVS2Ph1XwGDFK1ROLEHdjcE=,iOTmU5XXqoKac13jOt/0O8Y2LWA=
88,86,U85AwVS2Ph1XwGDFK1ROLEHdjcE=,B3KvYtJ9++viMCbbNPwS018fVfA=
84,85,U85AwVS2Ph1XwGDFK1ROLEHdjcE=,p+FgQTShR0Nhrl0/rZIO17UiCV8=
82,90,U85AwVS2Ph1XwGDFK1ROLEHdjcE=,iOTmU5XXqoKac13jOt/0O8Y2LWA=
85,82,U85AwVS2Ph1XwGDFK1ROLEHdjcE=,p+FgQTShR0Nhrl0/rZIO17UiCV8=
94,88,U85AwVS2Ph1XwGDFK1ROLEHdjcE=,0Scso84ChON84HvBFVftRMxF3JI=
85,95,U85AwVS2Ph1XwGDFK1ROLEHdjcE=,iOTmU5XXqoKac13jOt/0O8Y2LWA=
92,91,U85AwVS2Ph1XwGDFK1ROLEHdjcE=,0Scso84ChON84HvBFVftRMxF3JI=
86,93,U85AwVS2Ph1XwGDFK1ROLEHdjcE=,iOTmU5XXqoKac13jOt/0O8Y2LWA=
93,91,U85AwVS2Ph1XwGDFK1ROLEHdjcE=,0Scso84ChON84HvBFVftRMxF3JI=
81,83,U85AwVS2Ph1XwGDFK1ROLEHdjcE=,p+FgQTShR0Nhrl0/rZIO17UiCV8=
84,90,U85AwVS2Ph1XwGDFK1ROLEHdjcE=,iOTmU5XXqoKac13jOt/0O8Y2LWA=
89,86,U85AwVS2Ph1XwGDFK1ROLEHdjcE=,B3KvYtJ9++viMCbbNPwS018fVfA=
87,92,U85AwVS2Ph1XwGDFK1ROLEHdjcE=,iOTmU5XXqoKac13jOt/0O8Y2LWA=
81,82,U85AwVS2Ph1XwGDFK1ROLEHdjcE=,p+FgQTShR0Nhrl0/rZIO17UiCV8=
80,90,U85AwVS2Ph1XwGDFK1ROLEHdjcE=,iOTmU5XXqoKac13jOt/0O8Y2LWA=
84,82,U85AwVS2Ph1XwGDFK1ROLEHdjcE=,p+FgQTShR0Nhrl0/rZIO17UiCV8=
91,91,U85AwVS2Ph1XwGDFK1ROLEHdjcE=,0Scso84ChON84HvBFVftRMxF3JI=
85,93,U85AwVS2Ph1XwGDFK1ROLEHdjcE=,iOTmU5XXqoKac13jOt/0O8Y2LWA=
89,89,U85AwVS2Ph1XwGDFK1ROLEHdjcE=,0Scso84ChON84HvBFVftRMxF3JI=
82,82,U85AwVS2Ph1XwGDFK1ROLEHdjcE=,p+FgQTShR0Nhrl0/rZIO17UiCV8=
80,83,U85AwVS2Ph1XwGDFK1ROLEHdjcE=,p+FgQTShR0Nhrl0/rZIO17UiCV8=
81,91,U85AwVS2Ph1XwGDFK1ROLEHdjcE=,iOTmU5XXqoKac13jOt/0O8Y2LWA=
84,81,U85AwVS2Ph1XwGDFK1ROLEHdjcE=,p+FgQTShR0Nhrl0/rZIO17UiCV8=
95,80,U85AwVS2Ph1XwGDFK1ROLEHdjcE=,B3KvYtJ9++viMCbbNPwS018fVfA=
85,94,U85AwVS2Ph1XwGDFK1ROLEHdjcE=,iOTmU5XXqoKac13jOt/0O8Y2LWA=
85,81,U85AwVS2Ph1XwGDFK1ROLEHdjcE=,p+FgQTShR0Nhrl0/rZIO17UiCV8=
82,83,U85AwVS2Ph1XwGDFK1ROLEHdjcE=,p+FgQTShR0Nhrl0/rZIO17UiCV8=
87,82,U85AwVS2Ph1XwGDFK1ROLEHdjcE=,p+FgQTShR0Nhrl0/rZIO17UiCV8=
90,95,U85AwVS2Ph1XwGDFK1ROLEHdjcE=,0Scso84ChON84HvBFVftRMxF3JI=
83,83,U85AwVS2Ph1XwGDFK1ROLEHdjcE=,p+FgQTShR0Nhrl0/rZIO17UiCV8=
80,95,U85AwVS2Ph1XwGDFK1ROLEHdjcE=,iOTmU5XXqoKac13jOt/0O8Y2LWA=
89,92,U85AwVS2Ph1XwGDFK1ROLEHdjcE=,0Scso84ChON84HvBFVftRMxF3JI=
87,94,U85AwVS2Ph1XwGDFK1ROLEHdjcE=,iOTmU5XXqoKac13jOt/0O8Y2LWA=
82,91,U85AwVS2Ph1XwGDFK1ROLEHdjcE=,iOTmU5XXqoKac13jOt/0O8Y2LWA=
83,92,U85AwVS2Ph1XwGDFK1ROLEHdjcE=,iOTmU5XXqoKac13jOt/0O8Y2LWA=
86,94,U85AwVS2Ph1XwGDFK1ROLEHdjcE=,iOTmU5XXqoKac13jOt/0O8Y2LWA=
90,86,U85AwVS2Ph1XwGDFK1ROLEHdjcE=,B3KvYtJ9++viMCbbNPwS018fVfA=
83,84,U85AwVS2Ph1XwGDFK1ROLEHdjcE=,p+FgQTShR0Nhrl0/rZIO17UiCV8=
83,90,U85AwVS2Ph1XwGDFK1ROLEHdjcE=,iOTmU5XXqoKac13jOt/0O8Y2LWA=
90,91,U85AwVS2Ph1XwGDFK1ROLEHdjcE=,0Scso84ChON84HvBFVftRMxF3JI=
86,87,U85AwVS2Ph1XwGDFK1ROLEHdjcE=,p+FgQTShR0Nhrl0/rZIO17UiCV8=
94,91,U85AwVS2Ph1XwGDFK1ROLEHdjcE=,0Scso84ChON84HvBFVftRMxF3JI=
82,81,U85AwVS2Ph1XwGDFK1ROLEHdjcE=,p+FgQTShR0Nhrl0/rZIO17UiCV8=
92,81,U85AwVS2Ph1XwGDFK1ROLEHdjcE=,B3KvYtJ9++viMCbbNPwS018fVfA=
91,86,U85AwVS2Ph1XwGDFK1ROLEHdjcE=,B3KvYtJ9++viMCbbNPwS018fVfA=
81,81,U85AwVS2Ph1XwGDFK1ROLEHdjcE=,p+FgQTShR0Nhrl0/rZIO17UiCV8=
83,81,U85AwVS2Ph1XwGDFK1ROLEHdjcE=,p+FgQTShR0Nhrl0/rZIO17UiCV8=
93,81,U85AwVS2Ph1XwGDFK1ROLEHdjcE=,B3KvYtJ9++viMCbbNPwS018fVfA=
80,82,U85AwVS2Ph1XwGDFK1ROLEHdjcE=,p+FgQTShR0Nhrl0/rZIO17UiCV8=
92,86,U85AwVS2Ph1XwGDFK1ROLEHdjcE=,B3KvYtJ9++viMCbbNPwS018fVfA=
83,82,U85AwVS2Ph1XwGDFK1ROLEHdjcE=,p+FgQTShR0Nhrl0/rZIO17UiCV8=
84,94,U85AwVS2Ph1XwGDFK1ROLEHdjcE=,iOTmU5XXqoKac13jOt/0O8Y2LWA=
85,90,U85AwVS2Ph1XwGDFK1ROLEHdjcE=,iOTmU5XXqoKac13jOt/0O8Y2LWA=
82,80,U85AwVS2Ph1XwGDFK1ROLEHdjcE=,p+FgQTShR0Nhrl0/rZIO17UiCV8=
92,82,U85AwVS2Ph1XwGDFK1ROLEHdjcE=,B3KvYtJ9++viMCbbNPwS018fVfA=
84,88,U85AwVS2Ph1XwGDFK1ROLEHdjcE=,iOTmU5XXqoKac13jOt/0O8Y2LWA=
90,89,U85AwVS2Ph1XwGDFK1ROLEHdjcE=,0Scso84ChON84HvBFVftRMxF3JI=
83,91,U85AwVS2Ph1XwGDFK1ROLEHdjcE=,iOTmU5XXqoKac13jOt/0O8Y2LWA=
83,80,U85AwVS2Ph1XwGDFK1ROLEHdjcE=,p+FgQTShR0Nhrl0/rZIO17UiCV8=
89,95,U85AwVS2Ph1XwGDFK1ROLEHdjcE=,0Scso84ChON84HvBFVftRMxF3JI=
82,84,U85AwVS2Ph1XwGDFK1ROLEHdjcE=,p+FgQTShR0Nhrl0/rZIO17UiCV8=
81,89,U85AwVS2Ph1XwGDFK1ROLEHdjcE=,iOTmU5XXqoKac13jOt/0O8Y2LWA=
81,80,U85AwVS2Ph1XwGDFK1ROLEHdjcE=,p+FgQTShR0Nhrl0/rZIO17UiCV8=
87,93,U85AwVS2Ph1XwGDFK1ROLEHdjcE=,iOTmU5XXqoKac13jOt/0O8Y2LWA=
93,82,U85AwVS2Ph1XwGDFK1ROLEHdjcE=,B3KvYtJ9++viMCbbNPwS018fVfA=
84,95,U85AwVS2Ph1XwGDFK1ROLEHdjcE=,iOTmU5XXqoKac13jOt/0O8Y2LWA=
91,92,U85AwVS2Ph1XwGDFK1ROLEHdjcE=,0Scso84ChON84HvBFVftRMxF3JI=
83,89,U85AwVS2Ph1XwGDFK1ROLEHdjcE=,iOTmU5XXqoKac13jOt/0O8Y2LWA=
81,88,U85AwVS2Ph1XwGDFK1ROLEHdjcE=,iOTmU5XXqoKac13jOt/0O8Y2LWA=
81,86,U85AwVS2Ph1XwGDFK1ROLEHdjcE=,p+FgQTShR0Nhrl0/rZIO17UiCV8=
94,80,U85AwVS2Ph1XwGDFK1ROLEHdjcE=,B3KvYtJ9++viMCbbNPwS018fVfA=
93,83,U85AwVS2Ph1XwGDFK1ROLEHdjcE=,B3KvYtJ9++viMCbbNPwS018fVfA=
94,82,U85AwVS2Ph1XwGDFK1ROLEHdjcE=,B3KvYtJ9++viMCbbNPwS018fVfA=
86,83,U85AwVS2Ph1XwGDFK1ROLEHdjcE=,p+FgQTShR0Nhrl0/rZIO17UiCV8=
82,93,U85AwVS2Ph1XwGDFK1ROLEHdjcE=,iOTmU5XXqoKac13jOt/0O8Y2LWA=
92,83,U85AwVS2Ph1XwGDFK1ROLEHdjcE=,B3KvYtJ9++viMCbbNPwS018fVfA=
94,83,U85AwVS2Ph1XwGDFK1ROLEHdjcE=,B3KvYtJ9++viMCbbNPwS018fVfA=
94,81,U85AwVS2Ph1XwGDFK1ROLEHdjcE=,B3KvYtJ9++viMCbbNPwS018fVfA=
84,93,U85AwVS2Ph1XwGDFK1ROLEHdjcE=,iOTmU5XXqoKac13jOt/0O8Y2LWA=
82,86,U85AwVS2Ph1XwGDFK1ROLEHdjcE=,p+FgQTShR0Nhrl0/rZIO17UiCV8=
92,92,U85AwVS2Ph1XwGDFK1ROLEHdjcE=,0Scso84ChON84HvBFVftRMxF3JI=
81,85,U85AwVS2Ph1XwGDFK1ROLEHdjcE=,p+FgQTShR0Nhrl0/rZIO17UiCV8=
81,87,U85AwVS2Ph1XwGDFK1ROLEHdjcE=,p+FgQTShR0Nhrl0/rZIO17UiCV8=
82,89,U85AwVS2Ph1XwGDFK1ROLEHdjcE=,iOTmU5XXqoKac13jOt/0O8Y2LWA=
81,93,U85AwVS2Ph1XwGDFK1ROLEHdjcE=,iOTmU5XXqoKac13jOt/0O8Y2LWA=
93,92,U85AwVS2Ph1XwGDFK1ROLEHdjcE=,0Scso84ChON84HvBFVftRMxF3JI=
83,86,U85AwVS2Ph1XwGDFK1ROLEHdjcE=,p+FgQTShR0Nhrl0/rZIO17UiCV8=
83,88,U85AwVS2Ph1XwGDFK1ROLEHdjcE=,iOTmU5XXqoKac13jOt/0O8Y2LWA=
95,81,U85AwVS2Ph1XwGDFK1ROLEHdjcE=,B3KvYtJ9++viMCbbNPwS018fVfA=
88,95,U85AwVS2Ph1XwGDFK1ROLEHdjcE=,0Scso84ChON84HvBFVftRMxF3JI=
82,87,U85AwVS2Ph1XwGDFK1ROLEHdjcE=,p+FgQTShR0Nhrl0/rZIO17UiCV8=
81,84,U85AwVS2Ph1XwGDFK1ROLEHdjcE=,p+FgQTShR0Nhrl0/rZIO17UiCV8=
90,92,U85AwVS2Ph1XwGDFK1ROLEHdjcE=,0Scso84ChON84HvBFVftRMxF3JI=
89,90,U85AwVS2Ph1XwGDFK1ROLEHdjcE=,0Scso84ChON84HvBFVftRMxF3JI=
82,88,U85AwVS2Ph1XwGDFK1ROLEHdjcE=,iOTmU5XXqoKac13jOt/0O8Y2LWA=
95,83,U85AwVS2Ph1XwGDFK1ROLEHdjcE=,B3KvYtJ9++viMCbbNPwS018fVfA=
92,89,U85AwVS2Ph1XwGDFK1ROLEHdjcE=,0Scso84ChON84HvBFVftRMxF3JI=
83,85,U85AwVS2Ph1XwGDFK1ROLEHdjcE=,p+FgQTShR0Nhrl0/rZIO17UiCV8=
93,80,U85AwVS2Ph1XwGDFK1ROLEHdjcE=,B3KvYtJ9++viMCbbNPwS018fVfA=
87,90,U85AwVS2Ph1XwGDFK1ROLEHdjcE=,iOTmU5XXqoKac13jOt/0O8Y2LWA=
92,80,U85AwVS2Ph1XwGDFK1ROLEHdjcE=,B3KvYtJ9++viMCbbNPwS018fVfA=
94,92,U85AwVS2Ph1XwGDFK1ROLEHdjcE=,0Scso84ChON84HvBFVftRMxF3JI=
95,82,U85AwVS2Ph1XwGDFK1ROLEHdjcE=,B3KvYtJ9++viMCbbNPwS018fVfA=
88,89,U85AwVS2Ph1XwGDFK1ROLEHdjcE=,0Scso84ChON84HvBFVftRMxF3JI=
86,90,U85AwVS2Ph1XwGDFK1ROLEHdjcE=,iOTmU5XXqoKac13jOt/0O8Y2LWA=
89,93,U85AwVS2Ph1XwGDFK1ROLEHdjcE=,0Scso84ChON84HvBFVftRMxF3JI=
88,90,U85AwVS2Ph1XwGDFK1ROLEHdjcE=,0Scso84ChON84HvBFVftRMxF3JI=
90,90,U85AwVS2Ph1XwGDFK1ROLEHdjcE=,0Scso84ChON84HvBFVftRMxF3JI=
85,87,U85AwVS2Ph1XwGDFK1ROLEHdjcE=,p+FgQTShR0Nhrl0/rZIO17UiCV8=
82,85,U85AwVS2Ph1XwGDFK1ROLEHdjcE=,p+FgQTShR0Nhrl0/rZIO17UiCV8=
88,91,U85AwVS2Ph1XwGDFK1ROLEHdjcE=,0Scso84ChON84HvBFVftRMxF3JI=
84,91,U85AwVS2Ph1XwGDFK1ROLEHdjcE=,iOTmU5XXqoKac13jOt/0O8Y2LWA=
93,87,U85AwVS2Ph1XwGDFK1ROLEHdjcE=,B3KvYtJ9++viMCbbNPwS018fVfA=
82,94,U85AwVS2Ph1XwGDFK1ROLEHdjcE=,iOTmU5XXqoKac13jOt/0O8Y2LWA=
83,87,U85AwVS2Ph1XwGDFK1ROLEHdjcE=,p+FgQTShR0Nhrl0/rZIO17UiCV8=
87,91,U85AwVS2Ph1XwGDFK1ROLEHdjcE=,iOTmU5XXqoKac13jOt/0O8Y2LWA=
92,87,U85AwVS2Ph1XwGDFK1ROLEHdjcE=,B3KvYtJ9++viMCbbNPwS018fVfA=
83,93,U85AwVS2Ph1XwGDFK1ROLEHdjcE=,iOTmU5XXqoKac13jOt/0O8Y2LWA=
85,91,U85AwVS2Ph1XwGDFK1ROLEHdjcE=,iOTmU5XXqoKac13jOt/0O8Y2LWA=
84,84,U85AwVS2Ph1XwGDFK1ROLEHdjcE=,p+FgQTShR0Nhrl0/rZIO17UiCV8=
95,94,U85AwVS2Ph1XwGDFK1ROLEHdjcE=,0Scso84ChON84HvBFVftRMxF3JI=
88,81,U85AwVS2Ph1XwGDFK1ROLEHdjcE=,B3KvYtJ9++viMCbbNPwS018fVfA=
89,81,U85AwVS2Ph1XwGDFK1ROLEHdjcE=,B3KvYtJ9++viMCbbNPwS018fVfA=
91,90,U85AwVS2Ph1XwGDFK1ROLEHdjcE=,0Scso84ChON84HvBFVftRMxF3JI=
80,94,U85AwVS2Ph1XwGDFK1ROLEHdjcE=,iOTmU5XXqoKac13jOt/0O8Y2LWA=
94,87,U85AwVS2Ph1XwGDFK1ROLEHdjcE=,B3KvYtJ9++viMCbbNPwS018fVfA=
91,89,U85AwVS2Ph1XwGDFK1ROLEHdjcE=,0Scso84ChON84HvBFVftRMxF3JI=
90,93,U85AwVS2Ph1XwGDFK1ROLEHdjcE=,0Scso84ChON84HvBFVftRMxF3JI=
80,92,U85AwVS2Ph1XwGDFK1ROLEHdjcE=,iOTmU5XXqoKac13jOt/0O8Y2LWA=
91,81,U85AwVS2Ph1XwGDFK1ROLEHdjcE=,B3KvYtJ9++viMCbbNPwS018fVfA=
86,91,U85AwVS2Ph1XwGDFK1ROLEHdjcE=,iOTmU5XXqoKac13jOt/0O8Y2LWA=
88,82,U85AwVS2Ph1XwGDFK1ROLEHdjcE=,B3KvYtJ9++viMCbbNPwS018fVfA=
87,89,U85AwVS2Ph1XwGDFK1ROLEHdjcE=,iOTmU5XXqoKac13jOt/0O8Y2LWA=
89,82,U85AwVS2Ph1XwGDFK1ROLEHdjcE=,B3KvYtJ9++viMCbbNPwS018fVfA=
90,81,U85AwVS2Ph1XwGDFK1ROLEHdjcE=,B3KvYtJ9++viMCbbNPwS018fVfA=
84,86,U85AwVS2Ph1XwGDFK1ROLEHdjcE=,p+FgQTShR0Nhrl0/rZIO17UiCV8=
85,89,U85AwVS2Ph1XwGDFK1ROLEHdjcE=,iOTmU5XXqoKac13jOt/0O8Y2LWA=
83,94,U85AwVS2Ph1XwGDFK1ROLEHdjcE=,iOTmU5XXqoKac13jOt/0O8Y2LWA=
86,85,U85AwVS2Ph1XwGDFK1ROLEHdjcE=,p+FgQTShR0Nhrl0/rZIO17UiCV8=
85,84,U85AwVS2Ph1XwGDFK1ROLEHdjcE=,p+FgQTShR0Nhrl0/rZIO17UiCV8=
91,82,U85AwVS2Ph1XwGDFK1ROLEHdjcE=,B3KvYtJ9++viMCbbNPwS018fVfA=
86,89,U85AwVS2Ph1XwGDFK1ROLEHdjcE=,iOTmU5XXqoKac13jOt/0O8Y2LWA=
90,83,U85AwVS2Ph1XwGDFK1ROLEHdjcE=,B3KvYtJ9++viMCbbNPwS018fVfA=
81,94,U85AwVS2Ph1XwGDFK1ROLEHdjcE=,iOTmU5XXqoKac13jOt/0O8Y2LWA=
85,86,U85AwVS2Ph1XwGDFK1ROLEHdjcE=,p+FgQTShR0Nhrl0/rZIO17UiCV8=
82,95,U85AwVS2Ph1XwGDFK1ROLEHdjcE=,iOTmU5XXqoKac13jOt/0O8Y2LWA=
88,80,U85AwVS2Ph1XwGDFK1ROLEHdjcE=,B3KvYtJ9++viMCbbNPwS018fVfA=
90,82,U85AwVS2Ph1XwGDFK1ROLEHdjcE=,B3KvYtJ9++viMCbbNPwS018fVfA=
91,83,U85AwVS2Ph1XwGDFK1ROLEHdjcE=,B3KvYtJ9++viMCbbNPwS018fVfA=
88,83,U85AwVS2Ph1XwGDFK1ROLEHdjcE=,B3KvYtJ9++viMCbbNPwS018fVfA=
93,84,U85AwVS2Ph1XwGDFK1ROLEHdjcE=,B3KvYtJ9++viMCbbNPwS018fVfA=
91,93,U85AwVS2Ph1XwGDFK1ROLEHdjcE=,0Scso84ChON84HvBFVftRMxF3JI=
92,84,U85AwVS2Ph1XwGDFK1ROLEHdjcE=,B3KvYtJ9++viMCbbNPwS018fVfA=
84,87,U85AwVS2Ph1XwGDFK1ROLEHdjcE=,p+FgQTShR0Nhrl0/rZIO17UiCV8=
89,83,U85AwVS2Ph1XwGDFK1ROLEHdjcE=,B3KvYtJ9++viMCbbNPwS018fVfA=
88,84,U85AwVS2Ph1XwGDFK1ROLEHdjcE=,B3KvYtJ9++viMCbbNPwS018fVfA=
93,86,U85AwVS2Ph1XwGDFK1ROLEHdjcE=,B3KvYtJ9++viMCbbNPwS018fVfA=
90,84,U85AwVS2Ph1XwGDFK1ROLEHdjcE=,B3KvYtJ9++viMCbbNPwS018fVfA=
80,93,U85AwVS2Ph1XwGDFK1ROLEHdjcE=,iOTmU5XXqoKac13jOt/0O8Y2LWA=
93,89,U85AwVS2Ph1XwGDFK1ROLEHdjcE=,0Scso84ChON84HvBFVftRMxF3JI=
89,84,U85AwVS2Ph1XwGDFK1ROLEHdjcE=,B3KvYtJ9++viMCbbNPwS018fVfA=
95,85,U85AwVS2Ph1XwGDFK1ROLEHdjcE=,B3KvYtJ9++viMCbbNPwS018fVfA=
91,84,U85AwVS2Ph1XwGDFK1ROLEHdjcE=,B3KvYtJ9++viMCbbNPwS018fVfA=
84,89,U85AwVS2Ph1XwGDFK1ROLEHdjcE=,iOTmU5XXqoKac13jOt/0O8Y2LWA=
88,87,U85AwVS2Ph1XwGDFK1ROLEHdjcE=,B3KvYtJ9++viMCbbNPwS018fVfA=
95,86,U85AwVS2Ph1XwGDFK1ROLEHdjcE=,B3KvYtJ9++viMCbbNPwS018fVfA=
86,84,U85AwVS2Ph1XwGDFK1ROLEHdjcE=,p+FgQTShR0Nhrl0/rZIO17UiCV8=
83,95,U85AwVS2Ph1XwGDFK1ROLEHdjcE=,iOTmU5XXqoKac13jOt/0O8Y2LWA=
94,86,U85AwVS2Ph1XwGDFK1ROLEHdjcE=,B3KvYtJ9++viMCbbNPwS018fVfA=
92,93,U85AwVS2Ph1XwGDFK1ROLEHdjcE=,0Scso84ChON84HvBFVftRMxF3JI=
95,84,U85AwVS2Ph1XwGDFK1ROLEHdjcE=,B3KvYtJ9++viMCbbNPwS018fVfA=
90,80,U85AwVS2Ph1XwGDFK1ROLEHdjcE=,B3KvYtJ9++viMCbbNPwS018fVfA=
81,95,U85AwVS2Ph1XwGDFK1ROLEHdjcE=,iOTmU5XXqoKac13jOt/0O8Y2LWA=
93,93,U85AwVS2Ph1XwGDFK1ROLEHdjcE=,0Scso84ChON84HvBFVftRMxF3JI=
90,87,U85AwVS2Ph1XwGDFK1ROLEHdjcE=,B3KvYtJ9++viMCbbNPwS018fVfA=
89,94,U85AwVS2Ph1XwGDFK1ROLEHdjcE=,0Scso84ChON84HvBFVftRMxF3JI=
91,80,U85AwVS2Ph1XwGDFK1ROLEHdjcE=,B3KvYtJ9++viMCbbNPwS018fVfA=
89,87,U85AwVS2Ph1XwGDFK1ROLEHdjcE=,B3KvYtJ9++viMCbbNPwS018fVfA=
94,93,U85AwVS2Ph1XwGDFK1ROLEHdjcE=,0Scso84ChON84HvBFVftRMxF3JI=
95,93,U85AwVS2Ph1XwGDFK1ROLEHdjcE=,0Scso84ChON84HvBFVftRMxF3JI=
91,87,U85AwVS2Ph1XwGDFK1ROLEHdjcE=,B3KvYtJ9++viMCbbNPwS018fVfA=
90,94,U85AwVS2Ph1XwGDFK1ROLEHdjcE=,0Scso84ChON84HvBFVftRMxF3JI=
91,94,U85AwVS2Ph1XwGDFK1ROLEHdjcE=,0Scso84ChON84HvBFVftRMxF3JI=
95,90,U85AwVS2Ph1XwGDFK1ROLEHdjcE=,0Scso84ChON84HvBFVftRMxF3JI=
88,94,U85AwVS2Ph1XwGDFK1ROLEHdjcE=,0Scso84ChON84HvBFVftRMxF3JI=
93,94,U85AwVS2Ph1XwGDFK1ROLEHdjcE=,0Scso84ChON84HvBFVftRMxF3JI=
92,94,U85AwVS2Ph1XwGDFK1ROLEHdjcE=,0Scso84ChON84HvBFVftRMxF3JI=
94,94,U85AwVS2Ph1XwGDFK1ROLEHdjcE=,0Scso84ChON84HvBFVftRMxF3JI=
95,92,U85AwVS2Ph1XwGDFK1ROLEHdjcE=,0Scso84ChON84HvBFVftRMxF3JI=
95,91,U85AwVS2Ph1XwGDFK1ROLEHdjcE=,0Scso84ChON84HvBFVftRMxF3JI=
88,93,U85AwVS2Ph1XwGDFK1ROLEHdjcE=,0Scso84ChON84HvBFVftRMxF3JI=
89,80,U85AwVS2Ph1XwGDFK1ROLEHdjcE=,B3KvYtJ9++viMCbbNPwS018fVfA=
94,89,U85AwVS2Ph1XwGDFK1ROLEHdjcE=,0Scso84ChON84HvBFVftRMxF3JI=
95,87,U85AwVS2Ph1XwGDFK1ROLEHdjcE=,B3KvYtJ9++viMCbbNPwS018fVfA=
88,92,U85AwVS2Ph1XwGDFK1ROLEHdjcE=,0Scso84ChON84HvBFVftRMxF3JI=
95,88,U85AwVS2Ph1XwGDFK1ROLEHdjcE=,0Scso84ChON84HvBFVftRMxF3JI=
95,89,U85AwVS2Ph1XwGDFK1ROLEHdjcE=,0Scso84ChON84HvBFVftRMxF3JI=
86,71,wy7G0CFEdHIJi4fHmQKoDMLJzyU=,Pbmn2OCwBF+awDMM2WgxvL9ECzc=
85,71,wy7G0CFEdHIJi4fHmQKoDMLJzyU=,Pbmn2OCwBF+awDMM2WgxvL9ECzc=
87,71,wy7G0CFEdHIJi4fHmQKoDMLJzyU=,Pbmn2OCwBF+awDMM2WgxvL9ECzc=
88,71,wy7G0CFEdHIJi4fHmQKoDMLJzyU=,CRzUVj8uWSBDK8EE5npJYhJH+ck=
88,69,wy7G0CFEdHIJi4fHmQKoDMLJzyU=,CRzUVj8uWSBDK8EE5npJYhJH+ck=
88,70,wy7G0CFEdHIJi4fHmQKoDMLJzyU=,CRzUVj8uWSBDK8EE5npJYhJH+ck=
84,71,wy7G0CFEdHIJi4fHmQKoDMLJzyU=,Pbmn2OCwBF+awDMM2WgxvL9ECzc=
90,70,wy7G0CFEdHIJi4fHmQKoDMLJzyU=,CRzUVj8uWSBDK8EE5npJYhJH+ck=
88,68,wy7G0CFEdHIJi4fHmQKoDMLJzyU=,CRzUVj8uWSBDK8EE5npJYhJH+ck=
89,70,wy7G0CFEdHIJi4fHmQKoDMLJzyU=,CRzUVj8uWSBDK8EE5npJYhJH+ck=
89,69,wy7G0CFEdHIJi4fHmQKoDMLJzyU=,CRzUVj8uWSBDK8EE5npJYhJH+ck=
91,71,wy7G0CFEdHIJi4fHmQKoDMLJzyU=,CRzUVj8uWSBDK8EE5npJYhJH+ck=
84,74,wy7G0CFEdHIJi4fHmQKoDMLJzyU=,f5XnfJcMBlKxFysJ1iA4rXT0Yh0=
85,74,wy7G0CFEdHIJi4fHmQKoDMLJzyU=,f5XnfJcMBlKxFysJ1iA4rXT0Yh0=
86,74,wy7G0CFEdHIJi4fHmQKoDMLJzyU=,f5XnfJcMBlKxFysJ1iA4rXT0Yh0=
91,69,wy7G0CFEdHIJi4fHmQKoDMLJzyU=,CRzUVj8uWSBDK8EE5npJYhJH+ck=
88,72,wy7G0CFEdHIJi4fHmQKoDMLJzyU=,UMiD8V837/DVBLd1G3vRGTKvimM=
90,69,wy7G0CFEdHIJi4fHmQKoDMLJzyU=,CRzUVj8uWSBDK8EE5npJYhJH+ck=
84,75,wy7G0CFEdHIJi4fHmQKoDMLJzyU=,f5XnfJcMBlKxFysJ1iA4rXT0Yh0=
86,75,wy7G0CFEdHIJi4fHmQKoDMLJzyU=,f5XnfJcMBlKxFysJ1iA4rXT0Yh0=
90,68,wy7G0CFEdHIJi4fHmQKoDMLJzyU=,CRzUVj8uWSBDK8EE5npJYhJH+ck=
91,70,wy7G0CFEdHIJi4fHmQKoDMLJzyU=,CRzUVj8uWSBDK8EE5npJYhJH+ck=
85,75,wy7G0CFEdHIJi4fHmQKoDMLJzyU=,f5XnfJcMBlKxFysJ1iA4rXT0Yh0=
91,68,wy7G0CFEdHIJi4fHmQKoDMLJzyU=,CRzUVj8uWSBDK8EE5npJYhJH+ck=
89,71,wy7G0CFEdHIJi4fHmQKoDMLJzyU=,CRzUVj8uWSBDK8EE5npJYhJH+ck=
89,68,wy7G0CFEdHIJi4fHmQKoDMLJzyU=,CRzUVj8uWSBDK8EE5npJYhJH+ck=
90,71,wy7G0CFEdHIJi4fHmQKoDMLJzyU=,CRzUVj8uWSBDK8EE5npJYhJH+ck=
86,70,wy7G0CFEdHIJi4fHmQKoDMLJzyU=,Pbmn2OCwBF+awDMM2WgxvL9ECzc=
86,72,wy7G0CFEdHIJi4fHmQKoDMLJzyU=,f5XnfJcMBlKxFysJ1iA4rXT0Yh0=
84,73,wy7G0CFEdHIJi4fHmQKoDMLJzyU=,f5XnfJcMBlKxFysJ1iA4rXT0Yh0=
85,72,wy7G0CFEdHIJi4fHmQKoDMLJzyU=,f5XnfJcMBlKxFysJ1iA4rXT0Yh0=
88,75,wy7G0CFEdHIJi4fHmQKoDMLJzyU=,UMiD8V837/DVBLd1G3vRGTKvimM=
86,73,wy7G0CFEdHIJi4fHmQKoDMLJzyU=,f5XnfJcMBlKxFysJ1iA4rXT0Yh0=
91,75,wy7G0CFEdHIJi4fHmQKoDMLJzyU=,UMiD8V837/DVBLd1G3vRGTKvimM=
89,75,wy7G0CFEdHIJi4fHmQKoDMLJzyU=,UMiD8V837/DVBLd1G3vRGTKvimM=
87,74,wy7G0CFEdHIJi4fHmQKoDMLJzyU=,f5XnfJcMBlKxFysJ1iA4rXT0Yh0=
85,73,wy7G0CFEdHIJi4fHmQKoDMLJzyU=,f5XnfJcMBlKxFysJ1iA4rXT0Yh0=
84,72,wy7G0CFEdHIJi4fHmQKoDMLJzyU=,f5XnfJcMBlKxFysJ1iA4rXT0Yh0=
87,68,wy7G0CFEdHIJi4fHmQKoDMLJzyU=,Pbmn2OCwBF+awDMM2WgxvL9ECzc=
91,74,wy7G0CFEdHIJi4fHmQKoDMLJzyU=,UMiD8V837/DVBLd1G3vRGTKvimM=
89,72,wy7G0CFEdHIJi4fHmQKoDMLJzyU=,UMiD8V837/DVBLd1G3vRGTKvimM=
86,69,wy7G0CFEdHIJi4fHmQKoDMLJzyU=,Pbmn2OCwBF+awDMM2WgxvL9ECzc=
88,74,wy7G0CFEdHIJi4fHmQKoDMLJzyU=,UMiD8V837/DVBLd1G3vRGTKvimM=
90,75,wy7G0CFEdHIJi4fHmQKoDMLJzyU=,UMiD8V837/DVBLd1G3vRGTKvimM=
87,72,wy7G0CFEdHIJi4fHmQKoDMLJzyU=,f5XnfJcMBlKxFysJ1iA4rXT0Yh0=
85,69,wy7G0CFEdHIJi4fHmQKoDMLJzyU=,Pbmn2OCwBF+awDMM2WgxvL9ECzc=
85,70,wy7G0CFEdHIJi4fHmQKoDMLJzyU=,Pbmn2OCwBF+awDMM2WgxvL9ECzc=
87,75,wy7G0CFEdHIJi4fHmQKoDMLJzyU=,f5XnfJcMBlKxFysJ1iA4rXT0Yh0=
87,73,wy7G0CFEdHIJi4fHmQKoDMLJzyU=,f5XnfJcMBlKxFysJ1iA4rXT0Yh0=
87,70,wy7G0CFEdHIJi4fHmQKoDMLJzyU=,Pbmn2OCwBF+awDMM2WgxvL9ECzc=
84,70,wy7G0CFEdHIJi4fHmQKoDMLJzyU=,Pbmn2OCwBF+awDMM2WgxvL9ECzc=
91,73,wy7G0CFEdHIJi4fHmQKoDMLJzyU=,UMiD8V837/DVBLd1G3vRGTKvimM=
90,74,wy7G0CFEdHIJi4fHmQKoDMLJzyU=,UMiD8V837/DVBLd1G3vRGTKvimM=
84,69,wy7G0CFEdHIJi4fHmQKoDMLJzyU=,Pbmn2OCwBF+awDMM2WgxvL9ECzc=
85,68,wy7G0CFEdHIJi4fHmQKoDMLJzyU=,Pbmn2OCwBF+awDMM2WgxvL9ECzc=
90,72,wy7G0CFEdHIJi4fHmQKoDMLJzyU=,UMiD8V837/DVBLd1G3vRGTKvimM=
90,73,wy7G0CFEdHIJi4fHmQKoDMLJzyU=,UMiD8V837/DVBLd1G3vRGTKvimM=
95,70,wy7G0CFEdHIJi4fHmQKoDMLJzyU=,CRzUVj8uWSBDK8EE5npJYhJH+ck=
87,69,wy7G0CFEdHIJi4fHmQKoDMLJzyU=,Pbmn2OCwBF+awDMM2WgxvL9ECzc=
95,72,wy7G0CFEdHIJi4fHmQKoDMLJzyU=,UMiD8V837/DVBLd1G3vRGTKvimM=
88,73,wy7G0CFEdHIJi4fHmQKoDMLJzyU=,UMiD8V837/DVBLd1G3vRGTKvimM=
92,74,wy7G0CFEdHIJi4fHmQKoDMLJzyU=,UMiD8V837/DVBLd1G3vRGTKvimM=
84,68,wy7G0CFEdHIJi4fHmQKoDMLJzyU=,Pbmn2OCwBF+awDMM2WgxvL9ECzc=
89,73,wy7G0CFEdHIJi4fHmQKoDMLJzyU=,UMiD8V837/DVBLd1G3vRGTKvimM=
91,72,wy7G0CFEdHIJi4fHmQKoDMLJzyU=,UMiD8V837/DVBLd1G3vRGTKvimM=
89,74,wy7G0CFEdHIJi4fHmQKoDMLJzyU=,UMiD8V837/DVBLd1G3vRGTKvimM=
86,68,wy7G0CFEdHIJi4fHmQKoDMLJzyU=,Pbmn2OCwBF+awDMM2WgxvL9ECzc=
94,68,wy7G0CFEdHIJi4fHmQKoDMLJzyU=,CRzUVj8uWSBDK8EE5npJYhJH+ck=
95,73,wy7G0CFEdHIJi4fHmQKoDMLJzyU=,UMiD8V837/DVBLd1G3vRGTKvimM=
95,69,wy7G0CFEdHIJi4fHmQKoDMLJzyU=,CRzUVj8uWSBDK8EE5npJYhJH+ck=
94,69,wy7G0CFEdHIJi4fHmQKoDMLJzyU=,CRzUVj8uWSBDK8EE5npJYhJH+ck=
95,71,wy7G0CFEdHIJi4fHmQKoDMLJzyU=,CRzUVj8uWSBDK8EE5npJYhJH+ck=
95,68,wy7G0CFEdHIJi4fHmQKoDMLJzyU=,CRzUVj8uWSBDK8EE5npJYhJH+ck=
94,71,wy7G0CFEdHIJi4fHmQKoDMLJzyU=,CRzUVj8uWSBDK8EE5npJYhJH+ck=
94,70,wy7G0CFEdHIJi4fHmQKoDMLJzyU=,CRzUVj8uWSBDK8EE5npJYhJH+ck=
93,70,wy7G0CFEdHIJi4fHmQKoDMLJzyU=,CRzUVj8uWSBDK8EE5npJYhJH+ck=
92,71,wy7G0CFEdHIJi4fHmQKoDMLJzyU=,CRzUVj8uWSBDK8EE5npJYhJH+ck=
93,69,wy7G0CFEdHIJi4fHmQKoDMLJzyU=,CRzUVj8uWSBDK8EE5npJYhJH+ck=
93,71,wy7G0CFEdHIJi4fHmQKoDMLJzyU=,CRzUVj8uWSBDK8EE5npJYhJH+ck=
92,70,wy7G0CFEdHIJi4fHmQKoDMLJzyU=,CRzUVj8uWSBDK8EE5npJYhJH+ck=
92,69,wy7G0CFEdHIJi4fHmQKoDMLJzyU=,CRzUVj8uWSBDK8EE5npJYhJH+ck=
95,75,wy7G0CFEdHIJi4fHmQKoDMLJzyU=,UMiD8V837/DVBLd1G3vRGTKvimM=
95,74,wy7G0CFEdHIJi4fHmQKoDMLJzyU=,UMiD8V837/DVBLd1G3vRGTKvimM=
93,68,wy7G0CFEdHIJi4fHmQKoDMLJzyU=,CRzUVj8uWSBDK8EE5npJYhJH+ck=
84,76,wy7G0CFEdHIJi4fHmQKoDMLJzyU=,f5XnfJcMBlKxFysJ1iA4rXT0Yh0=
93,74,wy7G0CFEdHIJi4fHmQKoDMLJzyU=,UMiD8V837/DVBLd1G3vRGTKvimM=
95,67,wy7G0CFEdHIJi4fHmQKoDMLJzyU=,CRzUVj8uWSBDK8EE5npJYhJH+ck=
85,76,wy7G0CFEdHIJi4fHmQKoDMLJzyU=,f5XnfJcMBlKxFysJ1iA4rXT0Yh0=
92,68,wy7G0CFEdHIJi4fHmQKoDMLJzyU=,CRzUVj8uWSBDK8EE5npJYhJH+ck=
86,76,wy7G0CFEdHIJi4fHmQKoDMLJzyU=,f5XnfJcMBlKxFysJ1iA4rXT0Yh0=
92,72,wy7G0CFEdHIJi4fHmQKoDMLJzyU=,UMiD8V837/DVBLd1G3vRGTKvimM=
88,79,wy7G0CFEdHIJi4fHmQKoDMLJzyU=,UMiD8V837/DVBLd1G3vRGTKvimM=
87,64,wy7G0CFEdHIJi4fHmQKoDMLJzyU=,Pbmn2OCwBF+awDMM2WgxvL9ECzc=
95,66,wy7G0CFEdHIJi4fHmQKoDMLJzyU=,CRzUVj8uWSBDK8EE5npJYhJH+ck=
86,78,wy7G0CFEdHIJi4fHmQKoDMLJzyU=,f5XnfJcMBlKxFysJ1iA4rXT0Yh0=
93,72,wy7G0CFEdHIJi4fHmQKoDMLJzyU=,UMiD8V837/DVBLd1G3vRGTKvimM=
86,77,wy7G0CFEdHIJi4fHmQKoDMLJzyU=,f5XnfJcMBlKxFysJ1iA4rXT0Yh0=
89,76,wy7G0CFEdHIJi4fHmQKoDMLJzyU=,UMiD8V837/DVBLd1G3vRGTKvimM=
87,79,wy7G0CFEdHIJi4fHmQKoDMLJzyU=,f5XnfJcMBlKxFysJ1iA4rXT0Yh0=
88,76,wy7G0CFEdHIJi4fHmQKoDMLJzyU=,UMiD8V837/DVBLd1G3vRGTKvimM=
85,77,wy7G0CFEdHIJi4fHmQKoDMLJzyU=,f5XnfJcMBlKxFysJ1iA4rXT0Yh0=
94,72,wy7G0CFEdHIJi4fHmQKoDMLJzyU=,UMiD8V837/DVBLd1G3vRGTKvimM=
86,79,wy7G0CFEdHIJi4fHmQKoDMLJzyU=,f5XnfJcMBlKxFysJ1iA4rXT0Yh0=
80,67,wy7G0CFEdHIJi4fHmQKoDMLJzyU=,Pbmn2OCwBF+awDMM2WgxvL9ECzc=
85,78,wy7G0CFEdHIJi4fHmQKoDMLJzyU=,f5XnfJcMBlKxFysJ1iA4rXT0Yh0=
93,65,wy7G0CFEdHIJi4fHmQKoDMLJzyU=,CRzUVj8uWSBDK8EE5npJYhJH+ck=
92,73,wy7G0CFEdHIJi4fHmQKoDMLJzyU=,UMiD8V837/DVBLd1G3vRGTKvimM=
84,77,wy7G0CFEdHIJi4fHmQKoDMLJzyU=,f5XnfJcMBlKxFysJ1iA4rXT0Yh0=
84,78,wy7G0CFEdHIJi4fHmQKoDMLJzyU=,f5XnfJcMBlKxFysJ1iA4rXT0Yh0=
85,64,wy7G0CFEdHIJi4fHmQKoDMLJzyU=,Pbmn2OCwBF+awDMM2WgxvL9ECzc=
95,65,wy7G0CFEdHIJi4fHmQKoDMLJzyU=,CRzUVj8uWSBDK8EE5npJYhJH+ck=
92,65,wy7G0CFEdHIJi4fHmQKoDMLJzyU=,CRzUVj8uWSBDK8EE5npJYhJH+ck=
85,65,wy7G0CFEdHIJi4fHmQKoDMLJzyU=,Pbmn2OCwBF+awDMM2WgxvL9ECzc=
80,71,wy7G0CFEdHIJi4fHmQKoDMLJzyU=,Pbmn2OCwBF+awDMM2WgxvL9ECzc=
95,64,wy7G0CFEdHIJi4fHmQKoDMLJzyU=,CRzUVj8uWSBDK8EE5npJYhJH+ck=
94,74,wy7G0CFEdHIJi4fHmQKoDMLJzyU=,UMiD8V837/DVBLd1G3vRGTKvimM=
92,75,wy7G0CFEdHIJi4fHmQKoDMLJzyU=,UMiD8V837/DVBLd1G3vRGTKvimM=
93,73,wy7G0CFEdHIJi4fHmQKoDMLJzyU=,UMiD8V837/DVBLd1G3vRGTKvimM=
85,79,wy7G0CFEdHIJi4fHmQKoDMLJzyU=,f5XnfJcMBlKxFysJ1iA4rXT0Yh0=
84,64,wy7G0CFEdHIJi4fHmQKoDMLJzyU=,Pbmn2OCwBF+awDMM2WgxvL9ECzc=
86,64,wy7G0CFEdHIJi4fHmQKoDMLJzyU=,Pbmn2OCwBF+awDMM2WgxvL9ECzc=
86,66,wy7G0CFEdHIJi4fHmQKoDMLJzyU=,Pbmn2OCwBF+awDMM2WgxvL9ECzc=
94,65,wy7G0CFEdHIJi4fHmQKoDMLJzyU=,CRzUVj8uWSBDK8EE5npJYhJH+ck=
94,73,wy7G0CFEdHIJi4fHmQKoDMLJzyU=,UMiD8V837/DVBLd1G3vRGTKvimM=
88,64,wy7G0CFEdHIJi4fHmQKoDMLJzyU=,CRzUVj8uWSBDK8EE5npJYhJH+ck=
93,75,wy7G0CFEdHIJi4fHmQKoDMLJzyU=,UMiD8V837/DVBLd1G3vRGTKvimM=
84,65,wy7G0CFEdHIJi4fHmQKoDMLJzyU=,Pbmn2OCwBF+awDMM2WgxvL9ECzc=
94,66,wy7G0CFEdHIJi4fHmQKoDMLJzyU=,CRzUVj8uWSBDK8EE5npJYhJH+ck=
88,66,wy7G0CFEdHIJi4fHmQKoDMLJzyU=,CRzUVj8uWSBDK8EE5npJYhJH+ck=
84,67,wy7G0CFEdHIJi4fHmQKoDMLJzyU=,Pbmn2OCwBF+awDMM2WgxvL9ECzc=
88,65,wy7G0CFEdHIJi4fHmQKoDMLJzyU=,CRzUVj8uWSBDK8EE5npJYhJH+ck=
94,75,wy7G0CFEdHIJi4fHmQKoDMLJzyU=,UMiD8V837/DVBLd1G3vRGTKvimM=
85,67,wy7G0CFEdHIJi4fHmQKoDMLJzyU=,Pbmn2OCwBF+awDMM2WgxvL9ECzc=
86,65,wy7G0CFEdHIJi4fHmQKoDMLJzyU=,Pbmn2OCwBF+awDMM2WgxvL9ECzc=
90,65,wy7G0CFEdHIJi4fHmQKoDMLJzyU=,CRzUVj8uWSBDK8EE5npJYhJH+ck=
92,66,wy7G0CFEdHIJi4fHmQKoDMLJzyU=,CRzUVj8uWSBDK8EE5npJYhJH+ck=
86,67,wy7G0CFEdHIJi4fHmQKoDMLJzyU=,Pbmn2OCwBF+awDMM2WgxvL9ECzc=
91,65,wy7G0CFEdHIJi4fHmQKoDMLJzyU=,CRzUVj8uWSBDK8EE5npJYhJH+ck=
89,65,wy7G0CFEdHIJi4fHmQKoDMLJzyU=,CRzUVj8uWSBDK8EE5npJYhJH+ck=
80,69,wy7G0CFEdHIJi4fHmQKoDMLJzyU=,Pbmn2OCwBF+awDMM2WgxvL9ECzc=
94,67,wy7G0CFEdHIJi4fHmQKoDMLJzyU=,CRzUVj8uWSBDK8EE5npJYhJH+ck=
81,74,wy7G0CFEdHIJi4fHmQKoDMLJzyU=,f5XnfJcMBlKxFysJ1iA4rXT0Yh0=
80,72,wy7G0CFEdHIJi4fHmQKoDMLJzyU=,f5XnfJcMBlKxFysJ1iA4rXT0Yh0=
80,65,wy7G0CFEdHIJi4fHmQKoDMLJzyU=,Pbmn2OCwBF+awDMM2WgxvL9ECzc=
89,66,wy7G0CFEdHIJi4fHmQKoDMLJzyU=,CRzUVj8uWSBDK8EE5npJYhJH+ck=
84,79,wy7G0CFEdHIJi4fHmQKoDMLJzyU=,f5XnfJcMBlKxFysJ1iA4rXT0Yh0=
91,66,wy7G0CFEdHIJi4fHmQKoDMLJzyU=,CRzUVj8uWSBDK8EE5npJYhJH+ck=
88,67,wy7G0CFEdHIJi4fHmQKoDMLJzyU=,CRzUVj8uWSBDK8EE5npJYhJH+ck=
91,64,wy7G0CFEdHIJi4fHmQKoDMLJzyU=,CRzUVj8uWSBDK8EE5npJYhJH+ck=
93,67,wy7G0CFEdHIJi4fHmQKoDMLJzyU=,CRzUVj8uWSBDK8EE5npJYhJH+ck=
85,66,wy7G0CFEdHIJi4fHmQKoDMLJzyU=,Pbmn2OCwBF+awDMM2WgxvL9ECzc=
84,66,wy7G0CFEdHIJi4fHmQKoDMLJzyU=,Pbmn2OCwBF+awDMM2WgxvL9ECzc=
94,64,wy7G0CFEdHIJi4fHmQKoDMLJzyU=,CRzUVj8uWSBDK8EE5npJYhJH+ck=
87,66,wy7G0CFEdHIJi4fHmQKoDMLJzyU=,Pbmn2OCwBF+awDMM2WgxvL9ECzc=
90,66,wy7G0CFEdHIJi4fHmQKoDMLJzyU=,CRzUVj8uWSBDK8EE5npJYhJH+ck=
87,65,wy7G0CFEdHIJi4fHmQKoDMLJzyU=,Pbmn2OCwBF+awDMM2WgxvL9ECzc=
92,67,wy7G0CFEdHIJi4fHmQKoDMLJzyU=,CRzUVj8uWSBDK8EE5npJYhJH+ck=
82,74,wy7G0CFEdHIJi4fHmQKoDMLJzyU=,f5XnfJcMBlKxFysJ1iA4rXT0Yh0=
93,66,wy7G0CFEdHIJi4fHmQKoDMLJzyU=,CRzUVj8uWSBDK8EE5npJYhJH+ck=
95,79,wy7G0CFEdHIJi4fHmQKoDMLJzyU=,UMiD8V837/DVBLd1G3vRGTKvimM=
83,74,wy7G0CFEdHIJi4fHmQKoDMLJzyU=,f5XnfJcMBlKxFysJ1iA4rXT0Yh0=
81,68,wy7G0CFEdHIJi4fHmQKoDMLJzyU=,Pbmn2OCwBF+awDMM2WgxvL9ECzc=
80,77,wy7G0CFEdHIJi4fHmQKoDMLJzyU=,f5XnfJcMBlKxFysJ1iA4rXT0Yh0=
81,70,wy7G0CFEdHIJi4fHmQKoDMLJzyU=,Pbmn2OCwBF+awDMM2WgxvL9ECzc=
80,76,wy7G0CFEdHIJi4fHmQKoDMLJzyU=,f5XnfJcMBlKxFysJ1iA4rXT0Yh0=
82,68,wy7G0CFEdHIJi4fHmQKoDMLJzyU=,Pbmn2OCwBF+awDMM2WgxvL9ECzc=
80,68,wy7G0CFEdHIJi4fHmQKoDMLJzyU=,Pbmn2OCwBF+awDMM2WgxvL9ECzc=
92,76,wy7G0CFEdHIJi4fHmQKoDMLJzyU=,UMiD8V837/DVBLd1G3vRGTKvimM=
89,67,wy7G0CFEdHIJi4fHmQKoDMLJzyU=,CRzUVj8uWSBDK8EE5npJYhJH+ck=
87,67,wy7G0CFEdHIJi4fHmQKoDMLJzyU=,Pbmn2OCwBF+awDMM2WgxvL9ECzc=
83,68,wy7G0CFEdHIJi4fHmQKoDMLJzyU=,Pbmn2OCwBF+awDMM2WgxvL9ECzc=
91,67,wy7G0CFEdHIJi4fHmQKoDMLJzyU=,CRzUVj8uWSBDK8EE5npJYhJH+ck=
93,76,wy7G0CFEdHIJi4fHmQKoDMLJzyU=,UMiD8V837/DVBLd1G3vRGTKvimM=
81,69,wy7G0CFEdHIJi4fHmQKoDMLJzyU=,Pbmn2OCwBF+awDMM2WgxvL9ECzc=
90,64,wy7G0CFEdHIJi4fHmQKoDMLJzyU=,CRzUVj8uWSBDK8EE5npJYhJH+ck=
80,66,wy7G0CFEdHIJi4fHmQKoDMLJzyU=,Pbmn2OCwBF+awDMM2WgxvL9ECzc=
82,70,wy7G0CFEdHIJi4fHmQKoDMLJzyU=,Pbmn2OCwBF+awDMM2WgxvL9ECzc=
91,79,wy7G0CFEdHIJi4fHmQKoDMLJzyU=,UMiD8V837/DVBLd1G3vRGTKvimM=
83,71,wy7G0CFEdHIJi4fHmQKoDMLJzyU=,Pbmn2OCwBF+awDMM2WgxvL9ECzc=
94,78,wy7G0CFEdHIJi4fHmQKoDMLJzyU=,UMiD8V837/DVBLd1G3vRGTKvimM=
90,67,wy7G0CFEdHIJi4fHmQKoDMLJzyU=,CRzUVj8uWSBDK8EE5npJYhJH+ck=
82,69,wy7G0CFEdHIJi4fHmQKoDMLJzyU=,Pbmn2OCwBF+awDMM2WgxvL9ECzc=
80,70,wy7G0CFEdHIJi4fHmQKoDMLJzyU=,Pbmn2OCwBF+awDMM2WgxvL9ECzc=
80,78,wy7G0CFEdHIJi4fHmQKoDMLJzyU=,f5XnfJcMBlKxFysJ1iA4rXT0Yh0=
83,70,wy7G0CFEdHIJi4fHmQKoDMLJzyU=,Pbmn2OCwBF+awDMM2WgxvL9ECzc=
82,71,wy7G0CFEdHIJi4fHmQKoDMLJzyU=,Pbmn2OCwBF+awDMM2WgxvL9ECzc=
81,66,wy7G0CFEdHIJi4fHmQKoDMLJzyU=,Pbmn2OCwBF+awDMM2WgxvL9ECzc=
82,67,wy7G0CFEdHIJi4fHmQKoDMLJzyU=,Pbmn2OCwBF+awDMM2WgxvL9ECzc=
81,71,wy7G0CFEdHIJi4fHmQKoDMLJzyU=,Pbmn2OCwBF+awDMM2WgxvL9ECzc=
81,65,wy7G0CFEdHIJi4fHmQKoDMLJzyU=,Pbmn2OCwBF+awDMM2WgxvL9ECzc=
81,75,wy7G0CFEdHIJi4fHmQKoDMLJzyU=,f5XnfJcMBlKxFysJ1iA4rXT0Yh0=
89,64,wy7G0CFEdHIJi4fHmQKoDMLJzyU=,CRzUVj8uWSBDK8EE5npJYhJH+ck=
92,77,wy7G0CFEdHIJi4fHmQKoDMLJzyU=,UMiD8V837/DVBLd1G3vRGTKvimM=
90,76,wy7G0CFEdHIJi4fHmQKoDMLJzyU=,UMiD8V837/DVBLd1G3vRGTKvimM=
81,67,wy7G0CFEdHIJi4fHmQKoDMLJzyU=,Pbmn2OCwBF+awDMM2WgxvL9ECzc=
82,66,wy7G0CFEdHIJi4fHmQKoDMLJzyU=,Pbmn2OCwBF+awDMM2WgxvL9ECzc=
83,67,wy7G0CFEdHIJi4fHmQKoDMLJzyU=,Pbmn2OCwBF+awDMM2WgxvL9ECzc=
94,77,wy7G0CFEdHIJi4fHmQKoDMLJzyU=,UMiD8V837/DVBLd1G3vRGTKvimM=
83,69,wy7G0CFEdHIJi4fHmQKoDMLJzyU=,Pbmn2OCwBF+awDMM2WgxvL9ECzc=
87,78,wy7G0CFEdHIJi4fHmQKoDMLJzyU=,f5XnfJcMBlKxFysJ1iA4rXT0Yh0=
83,66,wy7G0CFEdHIJi4fHmQKoDMLJzyU=,Pbmn2OCwBF+awDMM2WgxvL9ECzc=
81,64,wy7G0CFEdHIJi4fHmQKoDMLJzyU=,Pbmn2OCwBF+awDMM2WgxvL9ECzc=
91,76,wy7G0CFEdHIJi4fHmQKoDMLJzyU=,UMiD8V837/DVBLd1G3vRGTKvimM=
93,77,wy7G0CFEdHIJi4fHmQKoDMLJzyU=,UMiD8V837/DVBLd1G3vRGTKvimM=
90,79,wy7G0CFEdHIJi4fHmQKoDMLJzyU=,UMiD8V837/DVBLd1G3vRGTKvimM=
93,78,wy7G0CFEdHIJi4fHmQKoDMLJzyU=,UMiD8V837/DVBLd1G3vRGTKvimM=
87,77,wy7G0CFEdHIJi4fHmQKoDMLJzyU=,f5XnfJcMBlKxFysJ1iA4rXT0Yh0=
94,76,wy7G0CFEdHIJi4fHmQKoDMLJzyU=,UMiD8V837/DVBLd1G3vRGTKvimM=
83,75,wy7G0CFEdHIJi4fHmQKoDMLJzyU=,f5XnfJcMBlKxFysJ1iA4rXT0Yh0=
87,76,wy7G0CFEdHIJi4fHmQKoDMLJzyU=,f5XnfJcMBlKxFysJ1iA4rXT0Yh0=
92,64,wy7G0CFEdHIJi4fHmQKoDMLJzyU=,CRzUVj8uWSBDK8EE5npJYhJH+ck=
82,75,wy7G0CFEdHIJi4fHmQKoDMLJzyU=,f5XnfJcMBlKxFysJ1iA4rXT0Yh0=
91,77,wy7G0CFEdHIJi4fHmQKoDMLJzyU=,UMiD8V837/DVBLd1G3vRGTKvimM=
82,64,wy7G0CFEdHIJi4fHmQKoDMLJzyU=,Pbmn2OCwBF+awDMM2WgxvL9ECzc=
88,77,wy7G0CFEdHIJi4fHmQKoDMLJzyU=,UMiD8V837/DVBLd1G3vRGTKvimM=
93,64,wy7G0CFEdHIJi4fHmQKoDMLJzyU=,CRzUVj8uWSBDK8EE5npJYhJH+ck=
80,79,wy7G0CFEdHIJi4fHmQKoDMLJzyU=,f5XnfJcMBlKxFysJ1iA4rXT0Yh0=
88,78,wy7G0CFEdHIJi4fHmQKoDMLJzyU=,UMiD8V837/DVBLd1G3vRGTKvimM=
90,77,wy7G0CFEdHIJi4fHmQKoDMLJzyU=,UMiD8V837/DVBLd1G3vRGTKvimM=
80,64,wy7G0CFEdHIJi4fHmQKoDMLJzyU=,Pbmn2OCwBF+awDMM2WgxvL9ECzc=
95,76,wy7G0CFEdHIJi4fHmQKoDMLJzyU=,UMiD8V837/DVBLd1G3vRGTKvimM=
94,79,wy7G0CFEdHIJi4fHmQKoDMLJzyU=,UMiD8V837/DVBLd1G3vRGTKvimM=
90,78,wy7G0CFEdHIJi4fHmQKoDMLJzyU=,UMiD8V837/DVBLd1G3vRGTKvimM=
82,76,wy7G0CFEdHIJi4fHmQKoDMLJzyU=,f5XnfJcMBlKxFysJ1iA4rXT0Yh0=
83,76,wy7G0CFEdHIJi4fHmQKoDMLJzyU=,f5XnfJcMBlKxFysJ1iA4rXT0Yh0=
89,77,wy7G0CFEdHIJi4fHmQKoDMLJzyU=,UMiD8V837/DVBLd1G3vRGTKvimM=
91,78,wy7G0CFEdHIJi4fHmQKoDMLJzyU=,UMiD8V837/DVBLd1G3vRGTKvimM=
83,64,wy7G0CFEdHIJi4fHmQKoDMLJzyU=,Pbmn2OCwBF+awDMM2WgxvL9ECzc=
95,78,wy7G0CFEdHIJi4fHmQKoDMLJzyU=,UMiD8V837/DVBLd1G3vRGTKvimM=
81,73,wy7G0CFEdHIJi4fHmQKoDMLJzyU=,f5XnfJcMBlKxFysJ1iA4rXT0Yh0=
82,73,wy7G0CFEdHIJi4fHmQKoDMLJzyU=,f5XnfJcMBlKxFysJ1iA4rXT0Yh0=
82,65,wy7G0CFEdHIJi4fHmQKoDMLJzyU=,Pbmn2OCwBF+awDMM2WgxvL9ECzc=
92,78,wy7G0CFEdHIJi4fHmQKoDMLJzyU=,UMiD8V837/DVBLd1G3vRGTKvimM=
83,65,wy7G0CFEdHIJi4fHmQKoDMLJzyU=,Pbmn2OCwBF+awDMM2WgxvL9ECzc=
92,79,wy7G0CFEdHIJi4fHmQKoDMLJzyU=,UMiD8V837/DVBLd1G3vRGTKvimM=
83,73,wy7G0CFEdHIJi4fHmQKoDMLJzyU=,f5XnfJcMBlKxFysJ1iA4rXT0Yh0=
82,78,wy7G0CFEdHIJi4fHmQKoDMLJzyU=,f5XnfJcMBlKxFysJ1iA4rXT0Yh0=
95,77,wy7G0CFEdHIJi4fHmQKoDMLJzyU=,UMiD8V837/DVBLd1G3vRGTKvimM=
81,76,wy7G0CFEdHIJi4fHmQKoDMLJzyU=,f5XnfJcMBlKxFysJ1iA4rXT0Yh0=
89,78,wy7G0CFEdHIJi4fHmQKoDMLJzyU=,UMiD8V837/DVBLd1G3vRGTKvimM=
83,78,wy7G0CFEdHIJi4fHmQKoDMLJzyU=,f5XnfJcMBlKxFysJ1iA4rXT0Yh0=
81,77,wy7G0CFEdHIJi4fHmQKoDMLJzyU=,f5XnfJcMBlKxFysJ1iA4rXT0Yh0=
80,75,wy7G0CFEdHIJi4fHmQKoDMLJzyU=,f5XnfJcMBlKxFysJ1iA4rXT0Yh0=
82,77,wy7G0CFEdHIJi4fHmQKoDMLJzyU=,f5XnfJcMBlKxFysJ1iA4rXT0Yh0=
83,72,wy7G0CFEdHIJi4fHmQKoDMLJzyU=,f5XnfJcMBlKxFysJ1iA4rXT0Yh0=
83,79,wy7G0CFEdHIJi4fHmQKoDMLJzyU=,f5XnfJcMBlKxFysJ1iA4rXT0Yh0=
81,79,wy7G0CFEdHIJi4fHmQKoDMLJzyU=,f5XnfJcMBlKxFysJ1iA4rXT0Yh0=
82,79,wy7G0CFEdHIJi4fHmQKoDMLJzyU=,f5XnfJcMBlKxFysJ1iA4rXT0Yh0=
82,72,wy7G0CFEdHIJi4fHmQKoDMLJzyU=,f5XnfJcMBlKxFysJ1iA4rXT0Yh0=
89,79,wy7G0CFEdHIJi4fHmQKoDMLJzyU=,UMiD8V837/DVBLd1G3vRGTKvimM=
81,78,wy7G0CFEdHIJi4fHmQKoDMLJzyU=,f5XnfJcMBlKxFysJ1iA4rXT0Yh0=
81,72,wy7G0CFEdHIJi4fHmQKoDMLJzyU=,f5XnfJcMBlKxFysJ1iA4rXT0Yh0=
93,79,wy7G0CFEdHIJi4fHmQKoDMLJzyU=,UMiD8V837/DVBLd1G3vRGTKvimM=
83,77,wy7G0CFEdHIJi4fHmQKoDMLJzyU=,f5XnfJcMBlKxFysJ1iA4rXT0Yh0=
80,74,wy7G0CFEdHIJi4fHmQKoDMLJzyU=,f5XnfJcMBlKxFysJ1iA4rXT0Yh0=
80,73,wy7G0CFEdHIJi4fHmQKoDMLJzyU=,f5XnfJcMBlKxFysJ1iA4rXT0Yh0=
